Label;boot;user;type;zulu is gps;zulu hour;zulu min;zulu sec;date valid;zulu day;zulu mo;zulu year;nav port;sel course;cdi;vor from;vor to;gsi;brg 1 port;brg 2 port;brg 1;brg 2;dtw/dme;type.1;oil pres;man pres;oil temp;fuel pres;volts;amps;rpm;fuel flow;type.2;gals rem;fuel lvl 1;fuel lvl 2;ems gp 1;ems gp 2;ems gp 3;gp t-couple;contact 1;contact 2;contact 3;contact 4;contact 5;contact 6;type.3;egt 1;egt 2;egt 3;egt 4;egt 5;egt 6;cht 1;cht 2;cht 3;cht 4;type.4;cht 5;cht 6;hobbs;tach;hs34 gp 1;hs34 gp 2;hs34 gp 3;type.5;pitch;roll;heading;turn rate;airspeed;altitude;vert spd;gz;aoa %;oat;type.6
34;1;0;0;0;14;35;49;0;0;0;0;0;0;0;0;0;0;0;5;0;0;0;2;-4;30,0625;75;3,8125;13,0625;-1,125;0;0;3;25,6875;0;0;-45,875;904,0625;-1505,8125;2034;1;1;0;0;0;0;4;79;79;79;79;2034;2034;75;75;75;75;5;1409;1412;7,875;4,3125;0;0;0;6;0;-0,75;49,375;0,125;0;465;96;1;100;-46;7
40;0;0;0;0;14;35;54;0;0;0;0;0;0;0;0;0;0;0;5;0;0;0;2;-2;30,0625;75;5,625;13,0625;-2,1875;0;0;3;25,6875;0;0;-45,5;903,875;-1506,5625;2034;1;1;0;0;0;0;4;79;79;79;79;2034;2034;75;75;75;75;5;1409;1412;7,875;4,3125;0;0;0;6;0;-1;49,125;0,125;0;469;72;0,9375;100;-46;7
46;0;0;0;0;14;35;59;0;0;0;0;0;0;0;0;0;0;0;5;0;0;0;2;-2;30,0625;75;5,625;13,0625;-3;0;0;3;25,6875;0;0;-45,6875;903,75;-1506,6875;2034;1;1;0;0;0;0;4;79;79;79;79;2034;2034;75;75;75;75;5;1409;1412;7,875;4,3125;0;0;0;6;0,125;-1;49,25;0,25;0;470;-7;0,9375;100;-46;7
53;0;0;0;0;14;36;0;0;0;0;0;0;0;0;0;0;0;0;5;0;0;0;2;-2;30,0625;75;5,625;13,0625;-3;0;0;3;25,6875;0;0;-45,6875;903,625;-1508;2034;1;1;0;0;0;0;4;79;79;79;79;2034;2034;75;75;75;75;5;1409;1412;7,875;4,3125;0;0;0;6;0,125;-1;49,125;0,25;0;470;-2;0,9375;100;-46;7
59;0;0;0;0;14;36;5;0;0;0;0;0;0;0;0;0;0;0;5;0;0;0;2;-1;30,0625;75;5,625;13,0625;-3;0;0;3;25,6875;0;0;-45,5;903,875;-1507,8125;2034;1;1;0;0;0;0;4;79;79;79;79;2034;2034;75;75;75;75;5;1409;1411;7,875;4,3125;0;0;0;6;0;-0,875;49,125;0,125;0;387;-75;0,9375;100;-46;7
65;0;0;0;0;14;36;10;0;0;0;0;0;0;0;0;0;0;0;5;0;0;0;2;-1;30,0625;75;5,625;13,0625;-3,4375;0;0;3;25,6875;0;0;-45,625;904,3125;-1507,5625;2034;1;1;0;0;0;0;4;79;79;79;79;2034;2034;75;75;75;75;5;1409;1411;7,875;4,3125;0;0;0;6;0;-1;49,125;0,25;0;387;-50;1;100;-46;7
71;0;0;0;0;14;36;15;0;0;0;0;0;0;0;0;0;0;0;5;0;0;0;2;-1;30,0625;75;5,625;13,0625;-3,125;0;0;3;25,6875;0;0;-45,625;902,5625;-1509,0625;2034;1;1;0;0;0;0;4;79;79;79;79;2034;2034;75;75;75;75;5;1409;1411;7,875;4,3125;0;0;0;6;0,125;-0,875;49,375;0,125;0;386;-45;1;100;-46;7
77;0;0;0;0;14;36;20;0;0;0;0;0;0;0;0;0;0;0;5;0;0;0;2;-2;30,0625;75;5,625;13,0625;-3,0625;0;0;3;25,6875;0;0;-45,3125;900,25;-1510,125;2034;1;1;0;0;0;0;4;79;79;79;79;2034;2034;75;75;75;75;5;1409;1411;7,875;4,3125;0;0;0;6;0,25;-0,75;49,25;0,125;0;386;-50;1;100;-45;7
83;0;0;0;0;14;36;25;0;0;0;0;0;0;0;0;0;0;0;5;0;0;0;2;-1;30,0625;75;5,625;13,0625;-3,1875;0;0;3;25,6875;0;0;-45,5625;902,8125;-1508,9375;2034;1;1;0;0;0;0;4;79;79;79;79;2034;2035;75;75;75;75;5;1409;1410;7,875;4,3125;0;0;0;6;0,25;-0,625;49,25;0,125;0;386;-33;1;100;-46;7
89;0;0;0;0;14;36;30;0;0;0;0;0;0;0;0;0;0;0;5;0;0;0;2;-1;30,0625;75;5,625;12,9375;-5,875;0;17,5;3;25,6875;0;0;-45,5;902,625;-1507,8125;2034;1;1;0;0;0;0;4;79;79;79;79;2034;2035;75;75;75;75;5;1409;1410;7,875;4,3125;0;0;0;6;0,25;-0,5;49,625;0,125;0;385;-23;1;100;-46;7
95;0;0;0;0;14;36;35;0;0;0;0;0;0;0;0;0;0;0;5;0;0;0;2;-1;30,0625;75;5,625;12,9375;-5,3125;0;38,625;3;25,6875;0;0;-45,5625;904;-1508,9375;2034;1;1;0;0;0;0;4;79;79;79;79;2034;2035;75;75;75;75;5;1409;1410;7,875;4,3125;0;0;0;6;0;-0,375;49,875;0,125;0;382;-17;1;100;-46;7
101;0;0;0;0;14;36;40;0;0;0;0;0;0;0;0;0;0;0;5;0;0;0;2;-2;30,0625;75;5,625;12,9375;-6,3125;0;43,375;3;25,6875;0;0;-45,5;902,5625;-1509,0625;2034;1;1;0;0;0;0;4;79;79;79;79;2034;2035;75;75;75;75;5;1409;1410;7,875;4,3125;0;0;0;6;0;-0,125;49,875;0,125;0;379;-12;1;100;-46;7
107;0;0;0;0;14;36;45;0;0;0;0;0;0;0;0;0;0;0;5;0;0;0;2;-1;30,0625;75;5,625;13;-5,3125;0;36,4375;3;25,6875;0;0;-45,6875;902,875;-1508,9375;2034;1;1;0;0;0;0;4;79;79;79;79;2034;2035;75;75;75;75;5;1409;1410;7,875;4,3125;0;0;0;6;0;-0,125;49,5;0,125;0;376;-38;1;100;-46;7
113;0;0;0;0;14;36;50;0;0;0;0;0;0;0;0;0;0;0;5;0;0;0;2;-2;30,0625;75;5,625;13;-3,375;293;16,25;3;25,6875;0;0;-45,5625;902,875;-1510,125;2034;1;1;0;0;0;0;4;79;79;79;79;2034;2035;75;75;75;75;5;1409;1410;7,875;4,3125;0;0;0;6;0;-0,125;49,125;0;0;376;-36;1;100;-46;7
119;0;0;0;0;14;36;55;0;0;0;0;0;0;0;0;0;0;0;5;0;0;0;2;-1;30,0625;75;5,625;13;-4,125;0;5,9375;3;25,6875;0;0;-45,6875;904;-1511,4375;2034;1;1;0;0;0;0;4;79;79;79;79;2034;2035;75;75;75;75;5;1409;1410;7,875;4,3125;0;0;0;6;-0,375;-0,125;49,375;0,125;0;374;8;1;100;-46;7
126;0;0;0;0;14;36;57;0;0;0;0;0;0;0;0;0;0;0;5;0;0;0;2;-2;29,75;75;5,625;11,875;-4,6875;0;3,625;3;25,6875;0;0;-45,625;902,5;-1492;2034;1;1;0;0;0;0;4;79;79;79;79;2034;2035;75;75;75;75;5;1409;1410;7,875;4,3125;0;0;0;6;-0,375;-0,25;49,25;0;0;373;-32;1;100;-46;7
133;0;0;0;0;14;36;58;0;0;0;0;0;0;0;0;0;0;0;5;0;0;0;2;-1;28,5625;75;5,625;10,625;-5,1875;0;3,375;3;25,6875;0;0;-45,6875;903,875;-1516,4375;2034;1;1;0;0;0;0;4;79;79;79;79;2035;2035;75;75;75;75;5;1409;1410;7,875;4,3125;0;0;0;6;-0,375;-0,25;49;0,125;0;373;-25;1;100;-46;7
140;0;0;0;0;14;37;3;0;0;0;0;0;0;0;0;0;0;0;5;0;0;0;2;-1;30,0625;75;5,625;12,75;-4,5;0;8,3125;3;25,6875;0;0;-45,5625;902,6875;-1516,3125;2035;1;1;0;0;0;0;4;79;79;79;79;2035;2035;75;75;75;75;5;1409;1410;7,875;4,3125;0;0;0;6;-0,5;-0,25;49,125;0;0;373;-10;1;100;-46;7
146;0;0;0;0;14;37;8;0;0;0;0;0;0;0;0;0;0;0;5;0;0;0;2;-1;30,0625;75;5,625;12,875;-4,5;0;4,5;3;25,6875;0;0;-45,6875;902,3125;-1514,0625;2035;1;1;0;0;0;0;4;79;79;79;79;2035;2035;75;75;75;75;5;1409;1410;7,875;4,3125;0;0;0;6;-0,625;-0,25;49,25;0;0;372;-19;1;100;-46;7
153;0;0;0;0;14;37;10;0;0;0;0;0;0;0;0;0;0;0;5;0;0;0;2;-1;29,8125;75;5,625;10,4375;-6,5;0;3,9375;3;25,6875;0;0;-45,5;902,5625;-1549,375;2035;1;1;0;0;0;0;4;79;79;79;79;2036;2035;75;75;75;75;5;1409;1410;7,875;4,3125;0;0;0;6;-0,625;-0,25;49,125;0;0;371;-12;1;100;-46;7
160;0;0;0;0;14;37;15;0;0;0;0;0;0;0;0;0;0;0;5;0;0;0;2;0;30,0625;75;5,625;12,6875;-4,625;0;5,625;3;25,6875;0;0;-45,6875;902,625;-1516,375;2035;1;1;0;0;0;0;4;78;79;78;78;2036;2035;75;75;75;75;5;1409;1410;7,875;4,3125;0;0;0;6;-0,75;-0,25;49,25;0;0;371;3;1;100;-46;7
166;0;0;0;0;14;37;20;0;0;0;0;0;0;0;0;0;0;0;5;0;0;0;2;0;30,125;75;5,625;12,875;-3;0;2,5;3;25,6875;0;0;-45,5625;902,875;-1512,5625;2035;1;1;0;0;0;0;4;78;79;78;78;2036;2035;75;75;75;75;5;1409;1410;7,875;4,3125;0;0;0;6;-0,5;-0,125;49,125;0;0;370;-28;1;100;-46;7
172;0;0;0;0;14;37;25;0;0;0;0;0;0;0;0;0;0;0;5;0;0;0;2;0;30,0625;75;5,625;12,875;-3,875;0;0;3;25,6875;0;0;-45,5625;902,8125;-1512,625;2036;1;1;0;0;0;0;4;78;79;78;78;2036;2035;75;75;75;75;5;1409;1410;7,875;4,3125;0;0;0;6;-0,625;0;49,125;0;0;368;1;1;100;-46;7
179;0;0;0;0;14;37;29;0;0;0;0;0;0;0;0;0;0;0;5;0;0;0;2;0;29,5625;75;5,625;10,5625;-6,4375;0;1,5625;3;25,6875;0;0;-45,5625;902,875;-1517,4375;2036;1;1;0;0;0;0;4;78;79;78;78;2036;2035;75;75;75;75;5;1409;1410;7,875;4,3125;0;0;0;6;-0,875;-0,125;49;0,125;0;368;27;1;100;-46;7
186;0;0;0;0;14;37;34;0;0;0;0;0;0;0;0;0;0;0;5;0;0;0;2;12;29,9375;75;5,625;11,75;-5,125;0;11,5625;3;25,6875;0;0;-45,6875;902,625;-1521,25;2036;1;1;0;0;0;0;4;76;78;77;76;2037;2035;75;75;75;75;5;1409;1410;7,875;4,3125;0;0;0;6;-0,875;-0,375;48,875;0;0;369;10;1;100;-46;7
193;0;0;0;0;14;37;37;0;0;0;0;0;0;0;0;0;0;0;5;0;0;0;2;16;30,0625;75;5,625;12,75;-2,9375;0;10,125;3;25,6875;0;0;-45,6875;902,8125;-1516,25;2036;1;1;0;0;0;0;4;76;78;77;76;2037;2035;75;75;75;75;5;1409;1410;7,875;4,3125;0;0;0;6;-0,75;-0,125;49;0;0;368;-6;1;100;-46;7
200;0;0;0;0;14;37;41;0;0;0;0;0;0;0;0;0;0;0;5;0;0;0;2;17;29,875;75;5,625;11,125;-3,1875;0;5,8125;3;25,625;0;0;-45,625;902,3125;-1514,0625;2037;1;1;0;0;0;0;4;76;78;77;76;2037;2036;75;75;75;75;5;1409;1410;7,875;4,3125;0;0;0;6;-0,75;-0,125;48,875;0;0;368;11;1;100;-46;7
207;0;0;0;0;14;37;42;0;0;0;0;0;0;0;0;0;0;0;5;0;0;0;2;19;29,625;75;5,625;10,5625;-4,4375;0;5,5625;3;25,625;0;0;-45,4375;902,0625;-1520,3125;2037;1;1;0;0;0;0;4;76;78;77;76;2037;2036;75;75;75;75;5;1409;1410;7,875;4,3125;0;0;0;6;-0,75;-0,125;48,75;0;0;369;18;1;100;-45;7
214;0;0;0;0;14;37;47;0;0;0;0;0;0;0;0;0;0;0;5;0;0;0;2;39;29,9375;75;5,625;11,625;-5,25;0;6,5625;3;25,625;0;0;-45,4375;903,375;-1523,9375;2037;1;1;0;0;0;0;4;74;77;76;75;2037;2036;75;75;75;75;5;1409;1410;7,875;4,3125;0;0;0;6;-0,625;-0,25;48,75;0;0;368;-17;1;100;-45;7
220;0;0;0;0;14;37;52;0;0;0;0;0;0;0;0;0;0;0;5;0;0;0;2;39;30,0625;75;5,625;12,6875;-4,5625;0;4,8125;3;25,625;0;0;-45,625;902,3125;-1520,1875;2037;1;1;0;0;0;0;4;74;77;76;74;2038;2036;75;75;75;75;5;1409;1410;7,875;4,3125;0;0;0;6;-0,625;-0,125;49;0;0;369;-7;1;100;-46;7
226;0;0;0;0;14;37;57;0;0;0;0;0;0;0;0;0;0;0;5;0;0;0;2;36;30,0625;75;5,625;12,8125;-3,8125;0;0;3;25,625;0;0;-45,625;902,5;-1518,875;2038;1;1;0;0;0;0;4;74;77;76;74;2038;2037;75;75;75;75;5;1409;1410;7,875;4,3125;0;0;0;6;-0,75;-0,125;48,875;0;0;369;13;1;100;-46;7
232;0;0;0;0;14;38;2;0;0;0;0;0;0;0;0;0;0;0;5;0;0;0;2;32;30,0625;75;5,625;12,875;-3,3125;0;0;3;25,625;0;0;-45,6875;902,6875;-1518,75;2038;1;1;0;0;0;0;4;74;77;76;74;2038;2037;75;75;75;75;5;1409;1410;7,875;4,3125;0;0;0;6;-0,75;-0,125;48,875;-0,125;0;369;16;1;100;-46;7
238;0;0;0;0;14;38;7;0;0;0;0;0;0;0;0;0;0;0;5;0;0;0;2;30;30,0625;75;5,625;12,875;-3,875;0;0;3;25,625;0;0;-45,625;902,5625;-1518,8125;2038;1;1;0;0;0;0;4;74;77;76;74;2038;2037;75;75;75;75;5;1409;1410;7,875;4,3125;0;0;0;6;-0,75;-0,125;48,875;0;0;368;-9;1;100;-46;7
244;0;0;0;0;14;38;12;0;0;0;0;0;0;0;0;0;0;0;5;0;0;0;2;28;30,0625;75;5,625;12,9375;-3,3125;0;0;3;25,625;0;0;-45,6875;902,8125;-1518,6875;2038;1;1;0;0;0;0;4;74;77;76;74;2039;2037;75;75;75;75;5;1409;1410;7,875;4,3125;0;0;0;6;-0,5;0;48,75;0;0;369;1;1;100;-46;7
250;0;0;0;0;14;38;17;0;0;0;0;0;0;0;0;0;0;0;5;0;0;0;2;26;30,0625;75;5,625;12,9375;-3,125;0;0;3;25,625;0;0;-45,6875;902,6875;-1520;2039;1;1;0;0;0;0;4;74;77;76;74;2039;2038;75;75;75;75;5;1409;1410;7,875;4,3125;0;0;0;6;-0,75;0;48,875;0;0;368;-8;1;100;-46;7
257;0;0;0;0;14;38;20;0;0;0;0;0;0;0;0;0;0;0;5;0;0;0;2;28;29,375;75;5,625;10,6875;-4,5;0;1,8125;3;25,625;0;0;-45,5;902,5;-1525;2039;1;1;0;0;0;0;4;74;77;76;74;2039;2038;75;75;75;75;5;1409;1410;7,875;4,3125;0;0;0;6;-0,75;-0,125;48,625;0;0;368;-5;1;100;-46;7
264;0;0;0;0;14;38;25;0;0;0;0;0;0;0;0;0;0;0;5;0;0;0;2;40;29,3125;75;5,625;10,375;-4,8125;0;6,6875;3;25,625;0;0;-45,4375;902,1875;-1532,4375;2039;1;1;0;0;0;0;4;74;76;76;74;2039;2038;75;75;75;75;5;1409;1410;7,875;4,3125;0;0;0;6;-0,625;-0,5;48,375;0;0;368;-33;1;100;-45;7
271;0;0;0;0;14;38;28;0;0;0;0;0;0;0;0;0;0;0;5;0;0;0;2;41;29,9375;75;5,625;12;-3,625;0;9,3125;3;25,625;0;0;-45,5625;902,8125;-1530,9375;2039;1;1;0;0;0;0;4;74;76;76;74;2039;2038;75;75;75;75;5;1409;1410;7,875;4,3125;0;0;0;6;-0,625;-0,375;48,625;0;0;369;14;1;100;-46;7
278;0;0;0;0;14;38;31;0;0;0;0;0;0;0;0;0;0;0;5;0;0;0;2;40;29,3125;75;5,625;10,5625;-4,9375;0;7,625;3;25,625;0;0;-45,6875;904,0625;-1526;2039;1;1;0;0;0;0;4;74;76;75;74;2039;2038;75;76;75;75;5;1409;1410;7,875;4,3125;0;0;0;6;-0,625;-0,375;48,75;0;0;368;18;1;100;-46;7
285;0;0;0;0;14;38;36;0;0;0;0;0;0;0;0;0;0;0;5;0;0;0;2;41;29,6875;75;5,625;11,3125;-4,5;0;8,375;3;25,625;0;0;-45,6875;902,625;-1504,125;2040;1;1;0;0;0;0;4;73;75;75;73;2040;2039;76;76;75;76;5;1409;1410;7,875;4,3125;0;0;0;6;-0,75;-0,5;48,625;0;0;368;26;1;100;-46;7
292;0;0;0;0;14;38;37;0;0;0;0;0;0;0;0;0;0;0;5;0;0;0;2;41;30,125;74;5,625;7,0625;-4,3125;0;6,5625;3;25,625;0;0;-45,5;902,5;-1492;2040;1;1;0;0;0;0;4;73;74;75;73;2040;2039;76;76;75;76;5;1409;1410;7,875;4,3125;0;0;0;6;-0,625;-0,375;48,625;0;0;369;13;1;100;-46;7
299;0;0;0;0;14;38;39;0;0;0;0;0;0;0;0;0;0;0;5;0;0;0;2;40;30,25;74;5,625;0,4375;-1,125;0;0;3;25,625;0;0;-45,5;902,5625;-1500,5;2040;1;1;0;0;0;0;4;73;74;75;73;2040;2039;76;76;75;76;5;1409;1410;7,875;4,3125;0;0;0;6;-0,75;-0,375;48,375;0;0;368;10;1;100;-46;7
305;0;0;0;0;14;38;44;0;0;0;0;0;0;0;0;0;0;0;5;0;0;0;2;38;30,25;74;5,625;0;0,125;0;0;3;25,625;0;0;-45,5;901,75;-1504,5;2040;1;1;0;0;0;0;4;73;74;75;73;2040;2039;76;76;75;76;5;1409;1410;7,875;4,3125;0;0;0;6;-0,75;-0,25;48,125;-0,125;0;368;28;1;100;-46;7
311;0;0;0;0;14;38;49;0;0;0;0;0;0;0;0;0;0;0;5;0;0;0;2;35;30,25;74;5,625;0;-0,1875;0;0;3;25,625;0;0;-45,875;904,0625;-1502,875;2040;1;1;0;0;0;0;4;73;74;75;73;2040;2039;76;76;75;76;5;1409;1410;7,875;4,3125;0;0;0;6;-0,75;-0,25;48,125;0;0;368;-7;1;100;-46;7
317;0;0;0;0;14;38;54;0;0;0;0;0;0;0;0;0;0;0;5;0;0;0;2;33;30,3125;74;5,625;0;-1,5;0;0;3;25,625;0;0;-45,75;903,375;-1503,75;2040;1;1;0;0;0;0;4;73;74;75;73;2040;2039;76;76;75;76;5;1409;1410;7,875;4,3125;0;0;0;6;-0,625;-0,125;48,5;0;0;368;30;1;100;-46;7
323;0;0;0;0;14;38;59;0;0;0;0;0;0;0;0;0;0;0;5;0;0;0;2;30;30,25;74;5,625;0;-0,1875;0;0;3;25,625;0;0;-45,4375;902,3125;-1504,8125;2040;1;1;0;0;0;0;4;73;74;75;73;2040;2039;76;76;75;76;5;1410;1410;7,875;4,3125;0;0;0;6;-0,625;-0,125;48,125;-0,125;0;368;16;1;100;-45;7
330;0;0;0;0;14;39;4;0;0;0;0;0;0;0;0;0;0;0;5;0;0;0;2;29;30,125;75;5,625;7,875;-1,625;0;0;3;25,625;0;0;-45,625;903,0625;-1519,75;2040;1;1;0;0;0;0;4;73;74;75;73;2040;2039;76;76;75;76;5;1410;1410;7,875;4,3125;0;0;0;6;-0,5;0;48,25;0;0;369;-8;1;100;-46;7
337;0;0;0;0;14;39;5;0;0;0;0;0;0;0;0;0;0;0;5;0;0;0;2;28;30,0625;74;5,625;11,75;-2,5625;0;0;3;25,625;0;0;-45,8125;903,625;-1520,1875;2041;1;1;0;0;0;0;4;73;74;75;73;2040;2039;76;76;75;76;5;1410;1410;7,875;4,3125;0;0;0;6;-0,625;0;48,625;0;0;368;-9;1;100;-46;7
344;0;0;0;0;14;39;9;0;0;0;0;0;0;0;0;0;0;0;5;0;0;0;2;26;30,25;74;5,625;3,875;-1,125;0;0;3;25,625;0;0;-45,5625;902,875;-1502,8125;2041;1;1;0;0;0;0;4;73;74;75;73;2041;2040;76;76;76;76;5;1410;1410;7,875;4,3125;0;0;0;6;-0,625;-0,125;48,625;0;0;368;43;1;100;-46;7
351;0;0;0;0;14;39;10;0;0;0;0;0;0;0;0;0;0;0;5;0;0;0;2;26;30,25;74;5,625;2,5;-0,0625;0;0;3;25,625;0;0;-45,6875;904,25;-1519,8125;2041;1;1;0;0;0;0;4;73;74;75;73;2041;2040;76;76;76;76;5;1410;1410;7,875;4,3125;0;0;0;6;-0,625;-0,125;48,5;0;0;368;35;1;100;-46;7
358;0;0;0;0;14;39;14;0;0;0;0;0;0;0;0;0;0;0;5;0;0;0;2;25;30,0625;75;5,625;12,875;-2,875;0;0;3;25,625;0;0;-45,6875;902,875;-1521,125;2041;1;1;0;0;0;0;4;74;75;75;74;2041;2040;76;76;76;76;5;1410;1410;7,875;4,3125;0;0;0;6;-0,5;-0,375;48,75;0;0;368;9;1;100;-46;7
365;0;0;0;0;14;39;15;0;0;0;0;0;0;0;0;0;0;0;5;0;0;0;2;24;30,0625;75;5,625;12,9375;-3,0625;0;0;3;25,625;0;0;-45,6875;904;-1522,4375;2041;1;1;0;0;0;0;4;74;75;75;74;2041;2040;76;76;76;76;5;1410;1410;7,9375;4,3125;0;0;0;6;-0,5;-0,375;48,75;-0,125;0;368;23;1;100;-46;7
371;0;0;0;0;14;39;20;0;0;0;0;0;0;0;0;0;0;0;5;0;0;0;2;23;30,0625;75;5,625;12,9375;-4;0;0;3;25,625;0;0;-45,5625;902,6875;-1523,625;2042;1;1;0;0;0;0;4;74;75;75;74;2042;2040;76;76;76;76;5;1410;1410;7,9375;4,3125;0;0;0;6;-0,5;-0,25;48,875;0;0;368;6;1;100;-46;7
377;0;0;0;0;14;39;25;0;0;0;0;0;0;0;0;0;0;0;5;0;0;0;2;22;30,0625;75;5,625;12,875;-4,125;0;0;3;25,625;0;0;-45,5625;903,9375;-1522,4375;2042;1;1;0;0;0;0;4;74;75;76;74;2042;2041;76;76;76;76;5;1410;1410;7,9375;4,3125;0;0;0;6;-0,625;-0,125;49;0;0;369;14;1;100;-46;7
383;0;0;0;0;14;39;30;0;0;0;0;0;0;0;0;0;0;0;5;0;0;0;2;65;18,3125;76;5,625;12,1875;-6,3125;1718;9,5;3;25,5625;0;0;-45,4375;901,9375;-1262,75;2042;1;1;0;0;0;0;4;326;324;349;305;2042;2041;77;77;77;77;5;1410;1410;7,9375;4,3125;0;0;0;6;-0,75;-0,75;56,5;5,25;0;369;46;1;100;-45;7
389;0;0;0;0;14;39;35;0;0;0;0;0;0;0;0;0;0;0;5;0;0;0;2;66;12,125;76;5,625;12,8125;-5,625;1142;6,9375;3;25,5625;0;0;-45,5;903,625;-1257,625;2043;1;1;0;0;0;0;4;620;626;669;584;2043;2041;83;84;83;84;5;1410;1410;7,9375;4,3125;0;0;0;6;-0,75;-1;45,75;-0,25;0;369;-22;1;100;-46;7
396;0;0;0;0;14;39;38;0;0;0;0;0;0;0;0;0;0;0;5;0;0;0;2;66;12,5625;75;5,625;13,75;23,0625;1136;6;3;25,5625;0;0;-45,8125;905;-1263,0625;2043;1;1;0;0;0;0;4;694;701;745;662;2033;2042;86;88;86;87;5;1410;1410;7,9375;4,3125;0;0;0;6;-1;-0,875;45,5;-0,125;0;369;19;1;100;-46;7
402;0;0;0;0;14;39;43;0;0;0;0;0;0;0;0;0;0;0;5;0;0;0;2;65;12,1875;75;5,625;14;37;1131;5,375;3;25,5625;0;0;-45,625;902,5;-1218,5;2043;1;1;0;0;0;0;4;775;784;829;752;1999;2042;93;94;92;93;5;1401;1410;7,9375;4,3125;0;0;0;6;-1,125;-0,875;45;0;0;368;-1;1;100;-46;7
408;0;0;0;0;14;39;48;0;0;0;0;0;0;0;0;0;0;0;5;0;0;0;2;66;12,1875;75;5,625;14;34,375;1141;5,1875;3;25,5625;0;0;-45,25;900,625;-1174,3125;2017;1;1;0;0;0;0;4;825;839;884;809;1966;2042;99;101;99;99;5;1390;1410;7,9375;4,3125;0;0;0;6;-1,125;-0,75;44,625;0;0;368;-12;1;100;-45;7
414;0;0;0;0;14;39;53;0;0;0;0;0;0;0;0;0;0;0;5;0;0;0;2;66;12,375;76;5,625;14,0625;37;1140;5,0625;3;25,5625;0;0;-45,6875;902,8125;-1163,375;1982;1;1;0;0;0;0;4;862;877;925;852;1934;2042;106;108;105;107;5;1378;1410;7,9375;4,3125;0;0;0;6;-1,25;-0,75;44,625;-0,125;0;369;0;1;100;-46;7
420;0;0;0;0;14;39;58;0;0;0;0;0;0;0;0;0;0;0;5;0;0;0;2;66;12;76;5,625;14,0625;37,1875;1152;5,0625;3;25,5625;0;0;-45,625;902,875;-1134;1948;1;1;0;0;0;0;4;885;900;953;883;1902;2042;113;114;112;113;5;1365;1410;7,9375;4,3125;0;0;0;6;-1,125;-0,875;44,625;-0,125;0;368;14;1;100;-46;7
426;0;0;0;0;14;40;3;0;0;0;0;0;0;0;0;0;0;0;5;0;0;0;2;67;13,0625;76;5,625;14;33,75;1147;5;3;25,5625;0;0;-45,5625;902,0625;-1113,6875;1914;1;1;0;0;0;0;4;903;916;973;908;1872;2042;120;122;118;120;5;1352;1410;7,9375;4,3125;0;0;0;6;-1,25;-0,875;44,75;-0,125;0;368;8;1;100;-46;7
432;0;0;0;0;14;40;8;0;0;0;0;0;0;0;0;0;0;0;5;0;0;0;2;67;13,3125;76;5,625;14,0625;36,25;1144;4,8125;3;25,5625;0;0;-45,875;906,125;-1080,375;1882;1;1;0;0;0;0;4;919;928;989;928;1841;2042;127;129;126;127;5;1338;1410;7,9375;4,3125;0;0;0;6;-1,25;-0,875;44,75;0;0;369;-11;1;100;-46;7
438;0;0;0;0;14;40;13;0;0;0;0;0;0;0;0;0;0;0;5;0;0;0;2;66;13;77;5,625;14,0625;36,25;1137;4,8125;3;25,5;0;0;-45,5;903,75;-1084,125;1851;1;1;0;0;0;0;4;932;939;1004;944;1812;2043;135;136;132;134;5;1324;1410;7,9375;4,3125;0;0;0;6;-1,375;-0,875;44,5;-0,125;0;368;7;1;100;-46;7
444;0;0;0;0;14;40;18;0;0;0;0;0;0;0;0;0;0;0;5;0;0;0;2;66;12,875;76;5,625;14,0625;35,3125;1145;4,8125;3;25,5;0;0;-45,75;903,3125;-1054,375;1820;1;1;0;0;0;0;4;945;949;1017;961;1784;2043;142;143;139;142;5;1310;1410;7,9375;4,3125;0;0;0;6;-1,25;-0,75;44,625;0;0;368;-9;1;100;-46;7
450;0;0;0;0;14;40;23;0;0;0;0;0;0;0;0;0;0;0;5;0;0;0;2;66;12,875;77;5,625;14;34,875;1148;4,8125;3;25,5;0;0;-45,8125;905,0625;-1050,4375;1790;1;1;0;0;0;0;4;954;958;1027;973;1756;2043;148;150;146;149;5;1295;1410;7,9375;4,3125;0;0;0;6;-1,125;-0,75;44,625;0;0;368;-4;1;100;-46;7
456;0;0;0;0;14;40;28;0;0;0;0;0;0;0;0;0;0;0;5;0;0;0;2;66;12,875;76;5,625;14,0625;35,875;1151;4,6875;3;25,5;0;0;-45,375;900,75;-1035,125;1761;1;1;0;0;0;0;4;961;964;1038;985;1729;2043;155;156;152;156;5;1280;1410;7,9375;4,3125;0;0;0;6;-1,125;-0,75;44,625;0;0;368;37;1;100;-45;7
462;0;0;0;0;14;40;33;0;0;0;0;0;0;0;0;0;0;0;5;0;0;0;2;66;13,4375;77;5,625;14,0625;35,8125;1150;4,6875;3;25,5;0;0;-46,125;906,125;-1019,0625;1733;1;1;0;0;0;0;4;970;973;1050;996;1702;2044;162;163;160;163;5;1266;1410;7,9375;4,3125;0;0;0;6;-1;-0,625;44,5;-0,125;0;368;32;1;100;-46;7
468;0;0;0;0;14;40;38;0;0;0;0;0;0;0;0;0;0;0;5;0;0;0;2;66;12,9375;77;5,625;14,0625;35;1152;4,6875;3;25,5;0;0;-45,625;902,5625;-1012,0625;1705;1;1;0;0;0;0;4;979;981;1059;1006;1676;2044;169;170;167;170;5;1250;1410;7,9375;4,3125;0;0;0;6;-1,125;-0,75;44,5;0;0;368;28;1;100;-46;7
474;0;0;0;0;14;40;43;0;0;0;0;0;0;0;0;0;0;0;5;0;0;0;2;65;13;78;5,625;14;32,9375;1145;4,6875;3;25,5;0;0;-45,5625;902,6875;-1025,4375;1678;1;1;0;0;0;0;4;987;988;1066;1014;1651;2044;175;177;174;177;5;1235;1410;7,9375;4,3125;0;0;0;6;-1,25;-0,875;44,75;0;0;369;-14;1;100;-46;7
480;0;0;0;0;14;40;48;0;0;0;0;0;0;0;0;0;0;0;5;0;0;0;2;65;13,125;77;5,625;14,0625;33,4375;1156;4,6875;3;25,5;0;0;-45,5625;903,0625;-999,5625;1652;1;1;0;0;0;0;4;994;996;1074;1023;1626;2044;182;183;181;184;5;1220;1410;7,9375;4,3125;0;0;0;6;-1,125;-0,75;44,5;-0,125;0;368;-1;1;100;-46;7
486;0;0;0;0;14;40;53;0;0;0;0;0;0;0;0;0;0;0;5;0;0;0;2;66;12,875;77;5,625;14,0625;32,6875;1161;4,6875;3;25,5;0;0;-45,6875;903,6875;-996,0625;1627;1;1;0;0;0;0;4;1000;1000;1080;1032;1602;2045;189;190;188;191;5;1205;1410;7,9375;4,3125;0;0;0;6;-1,125;-0,75;44,5;-0,125;0;369;5;1;100;-46;7
492;0;0;0;0;14;40;58;0;0;0;0;0;0;0;0;0;0;0;5;0;0;0;2;65;14,5625;77;5,625;14,125;39,125;1153;4,6875;3;25,4375;0;0;-45,5625;902,9375;-988,625;1602;1;1;0;0;0;0;4;1006;1008;1085;1040;1578;2035;195;196;195;198;5;1189;1410;7,9375;4,3125;0;0;0;6;-1,125;-0,875;44,625;-0,125;0;369;10;1;100;-46;7
498;0;0;0;0;14;41;3;0;0;0;0;0;0;0;0;0;0;0;5;0;0;0;2;65;12,6875;78;5,625;14,3125;47,125;1159;4,6875;3;25,4375;0;0;-45,5625;902,6875;-988,8125;1579;1;1;0;0;0;0;4;1010;1013;1080;1046;1554;2007;201;202;202;205;5;1174;1410;7,9375;4,3125;0;0;0;6;-1,125;-0,75;44,75;0;0;368;-26;1;100;-46;7
504;0;0;0;0;14;41;8;0;0;0;0;0;0;0;0;0;0;0;5;0;0;0;2;65;13,1875;78;5,625;14,3125;43,75;1165;4,6875;3;25,4375;0;0;-45,75;904;-981,9375;1556;1;1;0;0;0;0;4;1015;1016;1083;1054;1532;1978;207;208;209;211;5;1159;1410;7,9375;4,3125;0;0;0;6;-1;-0,75;44,125;-0,125;0;368;-5;1;100;-46;7
510;0;0;0;0;14;41;13;0;0;0;0;0;0;0;0;0;0;0;5;0;0;0;2;65;13;78;5,625;14,125;36,125;1160;4,6875;3;25,4375;0;0;-45,6875;903,1875;-975,0625;1530;1;1;0;0;0;0;4;1018;1021;1098;1058;1509;1950;214;214;216;218;5;1143;1410;7,9375;4,3125;0;0;0;6;-1;-0,75;44,125;-0,125;0;369;5;1;100;-46;7
516;0;0;0;0;14;41;18;0;0;0;0;0;0;0;0;0;0;0;5;0;0;0;2;65;13,5625;79;5,625;14,125;35,625;1168;4,6875;3;25,4375;0;0;-45,625;903,3125;-975;1508;1;1;0;0;0;0;4;1022;1024;1103;1062;1488;1923;219;220;222;224;5;1128;1410;7,9375;4,3125;0;0;0;6;-1,125;-0,75;44,125;0;0;369;25;1;100;-46;7
523;0;0;0;0;14;41;21;0;0;0;0;0;0;0;0;0;0;0;5;0;0;0;2;65;13,375;78;5,625;14,125;35,5625;1173;4,75;3;25,4375;0;0;-45,625;902,3125;-964,625;1494;1;1;0;0;0;0;4;1023;1025;1106;1064;1475;1906;223;223;226;228;5;1119;1410;7,9375;4,3125;0;0;0;6;-1,25;-0,75;44,125;-0,125;0;369;-4;1;100;-46;7
529;0;0;0;0;14;41;26;0;0;0;0;0;0;0;0;0;0;0;5;0;0;0;2;65;13,3125;80;5,625;14,125;37,1875;1171;4,6875;3;25,4375;0;0;-45,6875;902,625;-981,5;1473;1;1;0;0;0;0;4;1027;1027;1110;1068;1454;1879;228;228;232;234;5;1104;1410;7,9375;4,375;0;0;0;6;-1,125;-0,75;44,125;-0,125;0;369;-2;1;100;-46;7
535;0;0;0;0;14;41;31;0;0;0;0;0;0;0;0;0;0;0;5;0;0;0;2;65;13,375;80;5,625;14,125;36,5;1170;4,6875;3;25,4375;0;0;-45,5;902,5625;-974,25;1451;1;1;0;0;0;0;4;1029;1030;1114;1072;1433;1854;234;234;238;240;5;1089;1410;7,9375;4,375;0;0;0;6;-1,25;-0,875;44,125;-0,125;0;369;10;1;100;-46;7
541;0;0;0;0;14;41;36;0;0;0;0;0;0;0;0;0;0;0;5;0;0;0;2;65;13,5625;79;5,625;14,125;36,625;1175;4,5625;3;25,4375;0;0;-45,6875;902,875;-960,625;1430;1;1;0;0;0;0;4;1030;1033;1118;1076;1413;1828;239;239;245;246;5;1074;1410;7,9375;4,375;0;0;0;6;-1,125;-0,875;44,125;0;0;369;21;1;100;-46;7
547;0;0;0;0;14;41;41;0;0;0;0;0;0;0;0;0;0;0;5;0;0;0;2;65;13,25;80;5,625;14,0625;35,1875;1170;4,5;3;25,4375;0;0;-45,5625;902,0625;-958,625;1410;1;1;0;0;0;0;4;1033;1036;1121;1079;1393;1804;245;244;251;251;5;1059;1410;7,9375;4,375;0;0;0;6;-1;-1;44,125;0;0;368;21;1;100;-46;7
553;0;0;0;0;14;41;46;0;0;0;0;0;0;0;0;0;0;0;5;0;0;0;2;65;13,375;81;5,625;14,0625;34,125;1160;4,5;3;25,4375;0;0;-45,625;903,4375;-969,5625;1391;1;1;0;0;0;0;4;1036;1039;1123;1081;1374;1779;250;250;257;257;5;1045;1410;7,9375;4,375;0;0;0;6;-1,125;-0,875;44,125;-0,125;0;368;-24;1;100;-46;7
559;0;0;0;0;14;41;51;0;0;0;0;0;0;0;0;0;0;0;5;0;0;0;2;65;13,5;81;5,625;14,125;36,0625;1164;4,5;3;25,375;0;0;-45,5625;901,8125;-964,9375;1373;1;1;0;0;0;0;4;1036;1040;1115;1084;1354;1754;255;255;262;263;5;1031;1410;7,9375;4,375;0;0;0;6;-1,25;-0,75;44,125;-0,125;0;369;-18;1;100;-46;7
565;0;0;0;0;14;41;56;0;0;0;0;0;0;0;0;0;0;0;5;0;0;0;2;65;13,875;80;5,625;14,0625;31,625;1176;4,4375;3;25,375;0;0;-45,625;904,0625;-958,1875;1352;1;1;0;0;0;0;4;1037;1040;1125;1087;1336;1731;260;259;268;268;5;1017;1410;7,9375;4,375;0;0;0;6;-1,25;-0,875;44,125;0;0;369;8;1;100;-46;7
571;0;0;0;0;14;42;1;0;0;0;0;0;0;0;0;0;0;0;5;0;0;0;2;65;13,6875;81;5,625;14,0625;34,9375;1167;4,4375;3;25,375;0;0;-45,6875;902,8125;-958,25;1334;1;1;0;0;0;0;4;1039;1041;1125;1089;1318;1708;265;264;273;274;5;1003;1410;7,9375;4,375;0;0;0;6;-0,875;-0,875;44,125;-0,125;19,5;369;-9;1;100;-46;7
577;0;0;0;0;14;42;6;0;0;0;0;0;0;0;0;0;0;0;5;0;0;0;2;69;16,25;82;5,625;14,0625;33,75;1506;5,25;3;25,375;0;0;-45,875;904,125;-967,1875;1315;1;1;0;0;0;0;4;1052;1053;1139;1103;1300;1685;270;269;279;279;5;989;1410;7,9375;4,375;0;0;0;6;-1;-2,5;44,125;-0,5;19,5;369;12;1;100;-46;7
583;0;0;0;0;14;42;11;0;0;0;0;0;0;0;0;0;0;0;5;0;0;0;2;71;14,1875;82;5,625;14,0625;32,6875;1324;6,25;3;25,375;0;0;-45,5;901,625;-952,8125;1297;1;1;0;0;0;0;4;1093;1098;1199;1156;1283;1663;276;276;286;286;5;976;1410;7,9375;4,375;0;0;0;6;1,125;1,25;44,125;5,875;20;369;-7;1;100;-46;7
589;0;0;0;0;14;42;16;0;0;0;0;0;0;0;0;0;0;0;5;0;0;0;2;65;13,75;82;5,625;14,0625;31,25;1193;5,5;3;25,375;0;0;-45,8125;903,75;-950,375;1280;1;1;0;0;0;0;4;1064;1085;1168;1129;1265;1641;281;281;292;292;5;962;1410;7,9375;4,375;0;0;0;6;0,25;0,375;44,125;-3,25;20,75;369;2;1;100;-46;7
595;0;0;0;0;14;42;21;0;0;0;0;0;0;0;0;0;0;0;5;0;0;0;2;63;12,125;83;5,625;14;31,25;958;4,9375;3;25,375;0;0;-45,5625;902,875;-927,625;1263;1;1;0;0;0;0;4;1035;1055;1131;1099;1249;1620;285;284;296;296;5;949;1410;7,9375;4,375;0;0;0;6;0,625;-0,75;44,125;0,125;20,75;368;-9;1;100;-46;7
601;0;0;0;0;14;42;26;0;0;0;0;0;0;0;0;0;0;0;5;0;0;0;2;59;11,25;82;5,625;14;30;938;3,625;3;25,375;0;0;-45,9375;904,75;-927,0625;1246;1;1;0;0;0;0;4;982;999;1061;1041;1232;1599;288;286;298;299;5;936;1410;7,9375;4,375;0;0;0;6;-0,5;-1,25;44,125;2,875;21,25;369;-32;1,0625;100;-46;7
607;0;0;0;0;14;42;31;0;0;0;0;0;0;0;0;0;0;0;5;0;0;0;2;58;11,4375;83;5,625;14;29,1875;936;3,25;3;25,375;0;0;-45,8125;903,5625;-927,3125;1230;1;1;0;0;0;0;4;947;963;1014;1002;1216;1578;290;287;300;302;5;924;1410;7,9375;4,375;0;0;0;6;-0,75;-0,375;44,125;-4,125;20,75;369;23;1;100;-46;7
613;0;0;0;0;14;42;36;0;0;0;0;0;0;0;0;0;0;0;5;0;0;0;2;58;11,75;83;5,625;14;28,9375;938;3,1875;3;25,375;0;0;-45,5625;901,9375;-923,3125;1214;1;1;0;0;0;0;4;924;938;985;975;1200;1558;292;289;302;304;5;911;1410;7,9375;4,375;0;0;0;6;-1,375;-2;44,125;-5,125;20,5;368;-11;1;100;-46;7
619;0;0;0;0;14;42;41;0;0;0;0;0;0;0;0;0;0;0;5;0;0;0;2;58;11,25;84;5,625;14;28,75;940;3,125;3;25,3125;0;0;-45,5;902,5;-923;1199;1;1;0;0;0;0;4;910;921;965;957;1185;1538;294;291;304;306;5;899;1411;7,9375;4,375;0;0;0;6;-0,625;-1,75;44,125;3,25;20,5;368;1;1;100;-46;7
625;0;0;0;0;14;42;46;0;0;0;0;0;0;0;0;0;0;0;5;0;0;0;2;58;11,0625;83;5,625;13,9375;30,1875;943;3,0625;3;25,3125;0;0;-45,6875;903,9375;-923,375;1184;1;1;0;0;0;0;4;899;909;952;943;1169;1518;296;292;306;308;5;886;1411;7,9375;4,375;0;0;0;6;0,5;0,375;44,125;11,375;21,25;369;5;1;100;-46;7
631;0;0;0;0;14;42;51;0;0;0;0;0;0;0;0;0;0;0;5;0;0;0;2;63;13,1875;84;5,625;14;30,5;1177;4,1875;3;25,3125;0;0;-45,75;903,0625;-930;1169;1;1;0;0;0;0;4;926;929;986;969;1154;1499;298;294;309;311;5;875;1411;7,9375;4,375;0;0;0;6;-0,375;2,375;44,125;0,75;21,25;369;-2;1;100;-46;7
637;0;0;0;0;14;42;56;0;0;0;0;0;0;0;0;0;0;0;5;0;0;0;2;63;13,625;84;5,625;14,0625;31,8125;1169;4,625;3;25,3125;0;0;-45,875;905,1875;-906,25;1154;1;1;0;0;0;0;4;942;949;1015;991;1140;1480;301;297;312;314;5;863;1411;7,9375;4,375;0;0;0;6;0,875;0;44,125;0,25;20,75;368;3;1;100;-46;7
643;0;0;0;0;14;43;1;0;0;0;0;0;0;0;0;0;0;0;5;0;0;0;2;61;12,1875;84;5,625;14;30,625;1012;4,5;3;25,3125;0;0;-45,5625;901,9375;-913,5625;1140;1;1;0;0;0;0;4;947;957;1022;996;1125;1462;303;299;315;317;5;851;1411;8;4,375;0;0;0;6;0,375;1,375;44,125;-0,375;22;368;5;1;100;-46;7
649;0;0;0;0;14;43;6;0;0;0;0;0;0;0;0;0;0;0;5;0;0;0;2;60;11,9375;84;5,625;14;29,3125;1010;4,1875;3;25,3125;0;0;-45,4375;901,9375;-912,375;1127;1;1;0;0;0;0;4;931;945;992;971;1111;1444;305;300;318;319;5;840;1411;8;4,375;0;0;0;6;-0,375;1,125;44,125;0;22,5;368;18;1;100;-45;7
655;0;0;0;0;14;43;11;0;0;0;0;0;0;0;0;0;0;0;5;0;0;0;2;60;12,75;85;5,625;14;29,4375;1012;4,125;3;25,3125;0;0;-45,625;902,5625;-888,75;1113;1;1;0;0;0;0;4;921;939;974;953;1097;1426;306;301;319;321;5;829;1411;8;4,375;0;0;0;6;0;-0,375;44,125;0,75;22,25;369;-4;1;100;-46;7
661;0;0;0;0;14;43;16;0;0;0;0;0;0;0;0;0;0;0;5;0;0;0;2;60;12,9375;86;5,625;14;28,625;1014;4,125;3;25,3125;0;0;-45,6875;903,5625;-884,5625;1099;1;1;0;0;0;0;4;914;938;963;942;1084;1408;307;301;321;323;5;818;1411;8;4,375;0;0;0;6;-0,25;0,75;44,125;0,25;23,25;368;-16;1;100;-46;7
667;0;0;0;0;14;43;21;0;0;0;0;0;0;0;0;0;0;0;5;0;0;0;2;60;12,375;86;5,625;14;30,5;1012;4;3;25,3125;0;0;-45,5625;901,875;-881,875;1086;1;1;0;0;0;0;4;907;938;956;934;1070;1391;308;302;322;324;5;807;1411;8;4,375;0;0;0;6;-0,5;-0,5;44,125;-0,625;23,25;370;43;1;100;-46;7
673;0;0;0;0;14;43;26;0;0;0;0;0;0;0;0;0;0;0;5;0;0;0;2;58;11,5625;86;5,625;14;29,8125;1019;4;3;25,3125;0;0;-45,625;902,375;-891,3125;1074;1;1;0;0;0;0;4;905;937;951;929;1057;1374;308;303;324;326;5;796;1411;8;4,375;0;0;0;6;-0,125;-0,25;44,125;-0,25;23,25;370;21;1;100;-46;7
679;0;0;0;0;14;43;31;0;0;0;0;0;0;0;0;0;0;0;5;0;0;0;2;58;11,5625;86;5,625;14;28,375;1013;3,9375;3;25,3125;0;0;-45,4375;902,0625;-886,625;1061;1;1;0;0;0;0;4;903;937;948;924;1044;1357;309;303;325;327;5;786;1411;8;4,375;0;0;0;6;-0,25;1,375;44,125;0,125;24;371;-2;1;100;-45;7
685;0;0;0;0;14;43;36;0;0;0;0;0;0;0;0;0;0;0;5;0;0;0;2;56;11,75;86;5,625;13,75;21,4375;722;3,6875;3;25,25;0;0;-45,75;904,25;-871,875;1049;1;1;0;0;0;0;4;894;920;931;912;1032;1341;310;304;327;328;5;776;1411;8;4,375;0;0;0;6;-0,5;-0,25;44,125;-0,125;24,75;373;41;1;100;-46;7
692;0;0;0;0;14;43;40;0;0;0;0;0;0;0;0;0;0;0;5;0;0;0;2;52;12,9375;87;5,625;13,6875;15,625;692;3,25;3;25,25;0;0;-45,5;902,5625;-885,125;1039;1;1;0;0;0;0;4;870;839;872;878;1022;1328;311;304;327;328;5;768;1411;8;4,375;0;0;0;6;-1;0,375;44,125;0;24,75;374;-4;1;100;-46;7
699;0;0;0;0;14;43;41;0;0;0;0;0;0;0;0;0;0;0;5;0;0;0;2;52;12,875;86;5,625;13,625;16,6875;708;3,1875;3;25,25;0;0;-45,5;902,25;-886,5;1037;1;1;0;0;0;0;4;866;821;854;871;1019;1325;311;304;327;328;5;766;1412;8;4,375;0;0;0;6;-1,25;0,25;44,125;-0,125;25,25;374;23;1;100;-45;7
705;0;0;0;0;14;43;46;0;0;0;0;0;0;0;0;0;0;0;5;0;0;0;2;54;11,8125;86;5,625;14;27,125;911;3,0625;3;25,25;0;0;-45,8125;905,9375;-883,8125;1025;1;1;0;0;0;0;4;847;772;823;839;1007;1309;311;304;327;328;5;756;1412;8;4,375;0;0;0;6;-0,25;-0,25;44,125;-0,25;24,75;375;23;1;100;-46;7
711;0;0;0;0;14;43;51;0;0;0;0;0;0;0;0;0;0;0;5;0;0;0;2;55;11;87;5,625;14;27,8125;910;3,0625;3;25,25;0;0;-45,5;902,1875;-889;1014;1;1;0;0;0;0;4;849;806;850;848;995;1293;311;304;327;328;5;747;1412;8;4,375;0;0;0;6;-0,25;-0,125;44,125;-0,125;25;377;7;1;100;-45;7
717;0;0;0;0;14;43;56;0;0;0;0;0;0;0;0;0;0;0;5;0;0;0;2;55;11,8125;87;5,625;13,9375;29,125;922;3;3;25,25;0;0;-45,5;902,875;-894,25;1002;1;1;0;0;0;0;4;849;825;864;855;983;1278;311;304;327;328;5;737;1412;8;4,375;0;0;0;6;-0,625;-0,25;44,125;-1;25;377;10;1;100;-46;7
723;0;0;0;0;14;44;1;0;0;0;0;0;0;0;0;0;0;0;5;0;0;0;2;55;11,25;89;5,625;14;27,5;919;2,9375;3;25,25;0;0;-45,375;902,6875;-898;992;1;1;0;0;0;0;4;848;833;873;859;972;1263;311;305;328;329;5;728;1412;8;4,375;0;0;0;6;-0,5;0,25;44,125;0,125;24,25;377;12;1;100;-45;7
729;0;0;0;0;14;44;6;0;0;0;0;0;0;0;0;0;0;0;5;0;0;0;2;55;11,4375;89;5,625;14;29,1875;919;2,875;3;25,25;0;0;-45,5;902,6875;-896,75;981;1;1;0;0;0;0;4;846;838;876;861;960;1248;311;305;329;329;5;719;1412;8;4,375;0;0;0;6;-0,75;0,125;44,125;0;23,75;378;0;1;100;-45;7
735;0;0;0;0;14;44;11;0;0;0;0;0;0;0;0;0;0;0;5;0;0;0;2;55;11,75;89;5,625;14;29;916;2,875;3;25,25;0;0;-45,6875;903,75;-895,375;970;1;1;0;0;0;0;4;846;840;877;862;949;1233;312;306;329;330;5;710;1412;8;4,375;0;0;0;6;-1,625;0,25;44,125;-1,125;23,25;379;18;1;100;-46;7
741;0;0;0;0;14;44;16;0;0;0;0;0;0;0;0;0;0;0;5;0;0;0;2;55;11,75;89;5,625;14;29,0625;920;2,875;3;25,25;0;0;-45,6875;903,75;-896,625;960;1;1;0;0;0;0;4;842;840;880;863;938;1219;312;306;330;331;5;702;1412;8;4,375;0;0;0;6;-2,5;-2,125;44,125;-7,5;22,75;379;-10;1;100;-46;7
747;0;0;0;0;14;44;21;0;0;0;0;0;0;0;0;0;0;0;5;0;0;0;2;55;11,5;89;5,625;14;29,75;924;2,8125;3;25,25;0;0;-45,5;902,25;-893,875;950;1;1;0;0;0;0;4;842;840;880;863;927;1205;313;306;331;331;5;693;1412;8;4,375;0;0;0;6;-2,125;-1,625;44,125;-0,25;21,75;379;-38;1;100;-45;7
753;0;0;0;0;14;44;26;0;0;0;0;0;0;0;0;0;0;0;5;0;0;0;2;55;11,3125;90;5,625;14;28,4375;924;2,8125;3;25,25;0;0;-45,375;901,8125;-897,8125;940;1;1;0;0;0;0;4;842;840;880;863;917;1191;314;307;332;332;5;685;1412;8;4,375;0;0;0;6;-0,625;-0,5;44,125;-0,5;21,75;379;26;1;100;-45;7
759;0;0;0;0;14;44;31;0;0;0;0;0;0;0;0;0;0;0;5;0;0;0;2;58;12,3125;90;5,625;14,0625;31,125;1122;3,5;3;25,25;0;0;-45,5;903,5625;-908,4375;930;1;1;0;0;0;0;4;882;866;926;898;906;1178;315;308;333;334;5;676;1412;8;4,375;0;0;0;6;0,375;-0,75;44,125;-2;22,5;379;-6;1;100;-45;7
765;0;0;0;0;14;44;36;0;0;0;0;0;0;0;0;0;0;0;5;0;0;0;2;53;11,9375;90;5,625;14;27,25;927;2,625;3;25,25;0;0;-45,5;903,5625;-918,1875;921;1;1;0;0;0;0;4;858;835;911;881;896;1164;316;309;335;335;5;668;1413;8;4,375;0;0;0;6;-0,875;-3,25;44,125;-3;21,75;379;2;1;100;-45;7
771;0;0;0;0;14;44;41;0;0;0;0;0;0;0;0;0;0;0;5;0;0;0;2;55;11,25;90;5,625;14;29,625;943;2,625;3;25,25;0;0;-45,875;904,125;-901,25;911;1;1;0;0;0;0;4;855;835;903;877;886;1151;317;309;335;335;5;660;1413;8;4,375;0;0;0;6;-1,125;-1,875;44,125;-0,125;22;379;-6;1;100;-46;7
778;0;0;0;0;14;44;46;0;0;0;0;0;0;0;0;0;0;0;5;0;0;0;2;55;12,0625;91;5,625;14;27,6875;944;2,5625;3;25,25;0;0;-45,625;902,1875;-904,875;902;1;1;0;0;0;0;4;855;840;900;877;876;1138;318;311;336;336;5;653;1413;8;4,375;0;0;0;6;-0,5;-1,125;44,125;0;22;379;4;1;100;-46;7
784;0;0;0;0;14;44;51;0;0;0;0;0;0;0;0;0;0;0;5;0;0;0;2;55;11,375;92;5,625;14;30,5625;941;2,5625;3;25,25;0;0;-45,8125;904,4375;-901,0625;893;1;1;0;0;0;0;4;856;843;900;877;866;1125;318;311;337;337;5;645;1413;8;4,375;0;0;0;6;-0,375;-0,625;44,125;0;22,25;379;-6;1;100;-46;7
790;0;0;0;0;14;44;56;0;0;0;0;0;0;0;0;0;0;0;5;0;0;0;2;55;11,25;91;5,625;14;31,1875;945;2,5;3;25,1875;0;0;-45,625;902,3125;-914,5625;884;1;1;0;0;0;0;4;856;846;898;877;857;1113;319;313;339;339;5;637;1413;8;4,375;0;0;0;6;-0,5;-0,625;44,125;-0,125;22;379;29;1;100;-46;7
796;0;0;0;0;14;45;1;0;0;0;0;0;0;0;0;0;0;0;5;0;0;0;2;55;11,5625;91;5,625;14;28,4375;943;2,5;3;25,1875;0;0;-45,625;902,25;-917,0625;875;1;1;0;0;0;0;4;857;847;898;877;847;1100;321;314;340;340;5;630;1413;8;4,375;0;0;0;6;-0,375;-0,5;44,125;0;22,25;379;-10;1;100;-46;7
802;0;0;0;0;14;45;6;0;0;0;0;0;0;0;0;0;0;0;5;0;0;0;2;55;11,5625;93;5,625;14;31,0625;949;2,4375;3;25,1875;0;0;-45,5;903,6875;-902,25;867;1;1;0;0;0;0;4;859;849;899;878;838;1088;322;315;341;341;5;623;1413;8;4,375;0;0;0;6;-0,25;-0,5;44,125;0;22;379;-18;1;100;-46;7
808;0;0;0;0;14;45;11;0;0;0;0;0;0;0;0;0;0;0;5;0;0;0;2;55;12,625;92;5,625;14,125;30,5625;953;2,375;3;25,1875;0;0;-45,5;902,25;-909,6875;858;1;1;0;0;0;0;4;861;851;901;878;829;1076;322;316;342;342;5;615;1413;8;4,375;0;0;0;6;-0,5;-0,75;44,125;0;22;379;7;1;100;-45;7
814;0;0;0;0;14;45;16;0;0;0;0;0;0;0;0;0;0;0;5;0;0;0;2;55;12,3125;93;5,625;14,0625;29,875;953;2,3125;3;25,1875;0;0;-45,4375;902;-909,875;850;1;1;0;0;0;0;4;864;853;902;879;820;1064;323;317;344;344;5;608;1413;8;4,375;0;0;0;6;-0,375;-0,75;44,125;-0,125;22,25;379;3;1;100;-45;7
820;0;0;0;0;14;45;21;0;0;0;0;0;0;0;0;0;0;0;5;0;0;0;2;55;13,9375;93;5,625;14,0625;33,0625;1103;2,1875;3;25,1875;0;0;-45,4375;901,875;-918,5;842;1;1;0;0;0;0;4;865;853;902;880;811;1053;325;318;345;344;5;601;1413;8;4,375;0;0;0;6;-0,625;-0,625;44,125;0;22,25;379;-20;1;100;-45;7
826;0;0;0;0;14;45;26;0;0;0;0;0;0;0;0;0;0;0;5;0;0;0;2;68;20,3125;95;5,625;14,125;35,4375;1783;4,5625;3;25,1875;0;0;-45,4375;903,375;-906,125;834;1;1;0;0;0;0;4;967;945;1025;991;803;1041;327;321;348;347;5;594;1413;8;4,375;0;0;0;6;-0,625;-0,25;44,125;0;22;379;4;1;100;-45;7
832;0;0;0;0;14;45;31;0;0;0;0;0;0;0;0;0;0;0;5;0;0;0;2;73;20,6875;95;5,625;14,1875;31,6875;1828;7;3;25,1875;0;0;-45,5;902,3125;-902,3125;827;1;1;0;0;0;0;4;1063;1079;1171;1100;795;1030;332;328;354;353;5;588;1414;8;4,375;0;0;0;6;-1,125;-1,125;44,125;-0,875;21,75;379;-10;1;100;-45;7
838;0;0;0;0;14;45;36;0;0;0;0;0;0;0;0;0;0;0;5;0;0;0;2;73;22,4375;95;5,625;14,0625;31,75;1877;7,8125;3;25,1875;0;0;-45,625;902,1875;-919,5625;819;1;1;0;0;0;0;4;1117;1155;1224;1154;786;1019;338;336;362;359;5;581;1414;8;4,375;0;0;0;6;-1,25;-0,625;44,125;0;21,25;381;10;1;100;-46;7
844;0;0;0;0;14;45;41;0;0;0;0;0;0;0;0;0;0;0;5;0;0;0;2;74;23,125;96;5,625;14,1875;32,375;1894;8,5625;3;25,1875;0;0;-45,4375;901,875;-963,6875;811;1;1;0;0;0;0;4;1157;1216;1250;1196;777;1008;345;344;369;367;5;575;1408;8;4,375;0;0;0;6;-1,125;-0,625;44,125;0;21;381;6;1;100;-45;7
850;0;0;0;0;14;45;46;0;0;0;0;0;0;0;0;0;0;0;5;0;0;0;2;75;24,4375;97;5,625;14,125;30,1875;1928;8,875;3;25,125;0;0;-45,75;904,125;-968,4375;804;1;1;0;0;0;0;4;1191;1269;1276;1231;769;997;351;352;377;374;5;568;1396;8;4,375;0;0;0;6;-0,375;-0,125;44,125;-0,125;17,75;381;-40;1;100;-46;7
856;0;0;0;0;14;45;51;0;0;0;0;0;0;0;0;0;0;0;5;0;0;0;2;74;21,25;98;5,625;14,125;32;1807;8,8125;3;25,125;0;0;-45,6875;904,0625;-950,1875;797;1;1;0;0;0;0;4;1215;1299;1300;1253;761;986;357;359;384;381;5;562;1384;8;4,375;0;0;0;6;-1,25;-0,5;44,125;0;21,25;381;45;1;100;-46;7
862;0;0;0;0;14;45;56;0;0;0;0;0;0;0;0;0;0;0;5;0;0;0;2;73;22,5;99;5,625;14,125;32,4375;1867;8,375;3;25,125;0;0;-45,5;902,3125;-969,5;790;1;1;0;0;0;0;4;1224;1315;1322;1268;754;976;364;367;391;389;5;556;1370;8;4,375;0;0;0;6;-1,75;-0,625;44,125;-0,125;22,5;381;26;1;100;-45;7
868;0;0;0;0;14;46;1;0;0;0;0;0;0;0;0;0;0;0;5;0;0;0;2;55;11,375;101;5,625;13,8125;21,6875;743;4,625;3;25,125;0;0;-45,5625;904;-1015,625;783;1;1;0;0;0;0;4;1173;1259;1263;1222;746;966;369;373;398;395;5;550;1356;8;4,375;0;0;0;6;-0,875;-0,75;44,125;-0,125;22;382;1;1;100;-46;7
874;0;0;0;0;14;46;6;0;0;0;0;0;0;0;0;0;0;0;5;0;0;0;2;51;11,0625;100;5,625;13,875;22,4375;752;2;3;25,125;0;0;-45,4375;902,1875;-1041,625;776;1;1;0;0;0;0;4;1096;1163;1171;1146;738;955;369;373;398;396;5;544;1341;8;4,375;0;0;0;6;-0,625;-0,875;44,125;-0,125;21,75;382;4;1;100;-45;7
880;0;0;0;0;14;46;11;0;0;0;0;0;0;0;0;0;0;0;5;0;0;0;2;58;17,75;103;5,625;14,125;29,625;1580;2,6875;3;25,125;0;0;-45,875;904,25;-1040,4375;770;1;1;0;0;0;0;4;1073;1123;1135;1117;731;945;369;373;399;397;5;538;1326;8;4,375;0;0;0;6;-0,625;-0,5;44,125;-0,125;21,25;381;-6;1;100;-46;7
886;0;0;0;0;14;46;16;0;0;0;0;0;0;0;0;0;0;0;5;0;0;0;2;70;23;104;5,625;14,125;32,4375;1890;6,5;3;25,125;0;0;-45,4375;902,0625;-1002,625;763;1;1;0;0;0;0;4;1165;1220;1246;1202;724;936;374;379;404;402;5;533;1311;8;4,375;0;0;0;6;-1,125;-0,75;44,125;-0,125;21,25;381;-1;1;100;-45;7
892;0;0;0;0;14;46;21;0;0;0;0;0;0;0;0;0;0;0;5;0;0;0;2;71;22,6875;106;5,625;14,125;32,625;1850;7,9375;3;25,0625;0;0;-45,9375;904,375;-1160,0625;757;1;1;0;0;0;0;4;1200;1267;1283;1234;717;926;381;388;412;410;5;527;1295;8;4,375;0;0;0;6;-1;-0,625;44,125;-0,125;21,75;381;-12;1;100;-46;7
898;0;0;0;0;14;46;26;0;0;0;0;0;0;0;0;0;0;0;5;0;0;0;2;65;15,0625;107;5,625;14;29,0625;1223;6,8125;3;25,0625;0;0;-45,625;903,125;-1066,75;751;1;1;0;0;0;0;4;1199;1274;1288;1241;709;916;387;395;419;416;5;522;1279;8;4,375;0;0;0;6;-0,5;-0,875;44,125;-0,375;21,25;382;-18;1;100;-46;7
904;0;0;0;0;14;46;31;0;0;0;0;0;0;0;0;0;0;0;5;0;0;0;2;60;14,75;107;5,625;14;28,625;1196;4,875;3;25,0625;0;0;-45,3125;901,8125;-1049,1875;745;1;1;0;0;0;0;4;1164;1232;1250;1209;703;907;390;398;422;420;5;517;1263;8;4,375;0;0;0;6;-0,875;-0,375;44,125;-0,125;21;381;-18;1;100;-45;7
910;0;0;0;0;14;46;36;0;0;0;0;0;0;0;0;0;0;0;5;0;0;0;2;60;14,3125;110;5,625;14;27,0625;1191;4,3125;3;25,0625;0;0;-45,75;904,6875;-1047,5;739;1;1;0;0;0;0;4;1143;1202;1225;1187;696;898;391;399;425;423;5;511;1247;8;4,375;0;0;0;6;-0,625;-0,75;44,125;-0,125;20,75;381;22;1;100;-46;7
916;0;0;0;0;14;46;41;0;0;0;0;0;0;0;0;0;0;0;5;0;0;0;2;59;14;112;5,625;14,0625;31;1189;4,1875;3;25,0625;0;0;-45,75;904,0625;-1052,75;734;1;1;0;0;0;0;4;1131;1183;1204;1174;689;888;393;402;427;425;5;506;1230;8;4,375;0;0;0;6;-1,125;-0,625;44,125;-0,125;20,75;382;-19;1;100;-46;7
922;0;0;0;0;14;46;46;0;0;0;0;0;0;0;0;0;0;0;5;0;0;0;2;60;13,9375;111;5,625;14,0625;28,3125;1187;4,125;3;25,0625;0;0;-45,4375;902,0625;-1034,375;727;1;1;0;0;0;0;4;1121;1172;1201;1167;682;879;395;404;430;427;5;501;1214;8,0625;4,375;0;0;0;6;-0,5;-0,5;44,125;-0,125;19,75;381;13;1;100;-45;7
928;0;0;0;0;14;46;51;0;0;0;0;0;0;0;0;0;0;0;5;0;0;0;2;60;14,125;113;5,625;14,0625;29,6875;1180;4,125;3;25,0625;0;0;-45,8125;905,6875;-1030,5625;723;1;1;0;0;0;0;4;1115;1162;1192;1161;676;871;397;406;432;430;5;496;1198;8,0625;4,375;0;0;0;6;-0,625;-0,625;44,125;-0,125;20;381;-9;1;100;-46;7
934;0;0;0;0;14;46;56;0;0;0;0;0;0;0;0;0;0;0;5;0;0;0;2;60;15,125;115;5,625;14;28,875;1200;4,125;3;25,0625;0;0;-45,625;902,5625;-1030,4375;717;1;1;0;0;0;0;4;1110;1152;1191;1157;670;862;399;408;435;433;5;491;1181;8,0625;4,375;0;0;0;6;-1,5;-0,5;44,125;0;21;382;23;1;100;-46;7
940;0;0;0;0;14;47;1;0;0;0;0;0;0;0;0;0;0;0;5;0;0;0;2;60;14,25;117;5,625;14,0625;29,1875;1191;4,125;3;25,0625;0;0;-45,375;901,625;-1024,875;711;1;1;0;0;0;0;4;1106;1147;1188;1154;663;853;400;410;436;436;5;487;1165;8,0625;4,375;0;0;0;6;-1,5;-0,5;44,125;0;21,5;382;-17;1;100;-45;7
946;0;0;0;0;14;47;6;0;0;0;0;0;0;0;0;0;0;0;5;0;0;0;2;59;15;118;5,625;14,0625;28,625;1194;4,0625;3;25,0625;0;0;-45,5625;902,8125;-1027,8125;706;1;1;0;0;0;0;4;1103;1143;1184;1152;657;844;402;412;439;438;5;482;1148;8,0625;4,375;0;0;0;6;-1,125;-0,5;44,125;-0,125;22;381;26;1;100;-46;7
952;0;0;0;0;14;47;11;0;0;0;0;0;0;0;0;0;0;0;5;0;0;0;2;59;14,625;119;5,625;14;29,375;1191;4,0625;3;25;0;0;-45,625;902,5;-1029,25;701;1;1;0;0;0;0;4;1101;1138;1180;1151;651;836;403;413;441;441;5;477;1132;8,0625;4,375;0;0;0;6;-1,25;-0,625;44,125;0;22,25;382;5;1;100;-46;7
958;0;0;0;0;14;47;16;0;0;0;0;0;0;0;0;0;0;0;5;0;0;0;2;58;14,3125;120;5,625;14,0625;29,4375;1195;4,125;3;25;0;0;-45,8125;905,6875;-1040,3125;696;1;1;0;0;0;0;4;1100;1135;1177;1150;645;828;405;415;444;443;5;473;1116;8,0625;4,375;0;0;0;6;-1,125;-0,625;44,125;-0,125;22,5;382;-45;1;100;-46;7
964;0;0;0;0;14;47;21;0;0;0;0;0;0;0;0;0;0;0;5;0;0;0;2;59;14,5;122;5,625;14,0625;29,5;1196;4,125;3;25;0;0;-45,5;902,25;-1033,0625;691;1;1;0;0;0;0;4;1098;1133;1175;1149;639;820;407;417;445;446;5;469;1100;8,0625;4,375;0;0;0;6;-1;-0,625;44,125;-0,125;22,5;381;0;1;100;-45;7
970;0;0;0;0;14;47;26;0;0;0;0;0;0;0;0;0;0;0;5;0;0;0;2;58;13,75;124;5,625;14;29,75;1183;4,0625;3;25;0;0;-45,875;904,3125;-1037,9375;686;1;1;0;0;0;0;4;1097;1131;1174;1148;633;811;408;418;447;448;5;464;1084;8,0625;4,375;0;0;0;6;-1,125;-0,875;44,125;-0,125;22,5;382;-18;1;100;-46;7
976;0;0;0;0;14;47;31;0;0;0;0;0;0;0;0;0;0;0;5;0;0;0;2;58;14,0625;126;5,625;14;26,9375;1184;4,0625;3;25;0;0;-45,5;902,25;-1046,5;681;1;1;0;0;0;0;4;1096;1129;1170;1147;627;804;409;420;450;450;5;460;1069;8,0625;4,375;0;0;0;6;-1;-0,75;44,125;-0,125;22,75;382;32;1;100;-45;7
982;0;0;0;0;14;47;36;0;0;0;0;0;0;0;0;0;0;0;5;0;0;0;2;58;13,9375;127;5,625;14,0625;28,5625;1190;4,0625;3;25;0;0;-45,5;903,875;-1052,3125;677;1;1;0;0;0;0;4;1096;1127;1169;1146;622;796;410;421;452;452;5;456;1053;8,0625;4,375;0;0;0;6;-1;-0,625;44,125;0;22,25;381;14;1;100;-46;7
988;0;0;0;0;14;47;41;0;0;0;0;0;0;0;0;0;0;0;5;0;0;0;2;58;13,5;127;5,625;14,0625;28,1875;1183;4,0625;3;25;0;0;-45,75;904,125;-1044,1875;672;1;1;0;0;0;0;4;1095;1127;1168;1144;616;789;412;422;454;454;5;452;1038;8,0625;4,375;0;0;0;6;-0,75;-0,625;44,125;-0,125;22,25;382;-16;1;100;-46;7
994;0;0;0;0;14;47;46;0;0;0;0;0;0;0;0;0;0;0;5;0;0;0;2;58;14,9375;128;5,625;14,0625;27,5;1180;4,0625;3;25;0;0;-45,5;902,25;-1050,125;668;1;1;0;0;0;0;4;1093;1126;1166;1143;611;781;413;424;456;455;5;448;1022;8,0625;4,375;0;0;0;6;-1;-0,625;44,125;0;22,25;381;-25;1;100;-45;7
1000;0;0;0;0;14;47;51;0;0;0;0;0;0;0;0;0;0;0;5;0;0;0;2;58;15,0625;131;5,625;14;28,125;1178;4,0625;3;25;0;0;-45,8125;905,6875;-1063,5;663;1;1;0;0;0;0;4;1093;1126;1165;1142;606;774;414;425;458;457;5;444;1007;8,0625;4,375;0;0;0;6;-1,125;-0,875;44,125;-0,125;22,5;382;-1;1;100;-46;7
1006;0;0;0;0;14;47;56;0;0;0;0;0;0;0;0;0;0;0;5;0;0;0;2;54;13,0625;130;5,625;14,0625;24;956;2,6875;3;25;0;0;-45,5;902,375;-1094;659;1;1;0;0;0;0;4;1072;1101;1142;1122;600;766;415;426;459;458;5;440;992;8,0625;4,375;0;0;0;6;-0,75;-0,625;44,125;-0,125;22;381;24;1;100;-45;7
1012;0;0;0;0;14;48;1;0;0;0;0;0;0;0;0;0;0;0;5;0;0;0;2;54;12;131;5,625;14;26;959;2,125;3;25;0;0;-45,5625;904,125;-1112,5625;654;1;1;0;0;0;0;4;1057;1082;1117;1103;595;759;415;426;460;458;5;436;978;8,0625;4,375;0;0;0;6;-1,125;-0,625;44,125;-0,125;22,5;381;2;1;100;-46;7
1018;0;0;0;0;14;48;6;0;0;0;0;0;0;0;0;0;0;0;5;0;0;0;2;54;11,125;132;5,625;13,9375;26,1875;953;2;3;25;0;0;-45,6875;905;-1109,125;650;1;1;0;0;0;0;4;1045;1072;1101;1089;590;752;415;426;461;458;5;432;964;8,0625;4,375;0;0;0;6;-0,75;-0,625;44,125;-0,125;22,5;382;6;1;100;-46;7
1024;0;0;0;0;14;48;11;0;0;0;0;0;0;0;0;0;0;0;5;0;0;0;2;54;13;133;5,625;14;24,9375;947;1,9375;3;25;0;0;-45,4375;902,0625;-1123,5;646;1;1;0;0;0;0;4;1037;1065;1090;1079;585;745;417;426;461;458;5;429;950;8,0625;4,375;0;0;0;6;-0,75;-0,625;44,125;-0,125;22,25;382;15;1;100;-45;7
1031;0;0;0;0;14;48;16;0;0;0;0;0;0;0;0;0;0;0;5;0;0;0;2;54;11,8125;134;5,625;13,9375;25,8125;958;1,9375;3;25;0;0;-45,5;903,6875;-1124,5;642;1;1;0;0;0;0;4;1035;1062;1081;1071;580;738;417;426;462;458;5;426;935;8,0625;4,375;0;0;0;6;-0,875;-0,75;44,125;0;22,5;382;-1;1;100;-46;7
1037;0;0;0;0;14;48;21;0;0;0;0;0;0;0;0;0;0;0;5;0;0;0;2;54;11,375;135;5,625;13,9375;25,25;953;1,9375;3;24,9375;0;0;-45,5;902,5625;-1145,1875;639;1;1;0;0;0;0;4;1033;1060;1075;1068;575;731;418;427;463;459;5;422;922;8,0625;4,375;0;0;0;6;-1;-0,75;44,125;-0,125;22,5;381;18;1;100;-46;7
1043;0;0;0;0;14;48;26;0;0;0;0;0;0;0;0;0;0;0;5;0;0;0;2;53;11,875;139;5,625;13,9375;25,125;966;1,9375;3;24,9375;0;0;-45,5;902,5;-1142,8125;635;1;1;0;0;0;0;4;1028;1059;1071;1062;571;725;419;427;464;460;5;418;908;8,0625;4,375;0;0;0;6;-0,75;-0,625;44,125;-0,125;22,5;383;-26;1;100;-46;7
1049;0;0;0;0;14;48;31;0;0;0;0;0;0;0;0;0;0;0;5;0;0;0;2;53;13,5625;138;5,625;14,0625;25,4375;959;1,9375;3;24,9375;0;0;-45,4375;902,0625;-1151,5625;631;1;1;0;0;0;0;4;1027;1058;1069;1054;566;718;420;427;464;460;5;415;895;8,0625;4,375;0;0;0;6;-0,875;-0,5;44,125;-0,125;23,25;383;-17;1;100;-45;7
1055;0;0;0;0;14;48;36;0;0;0;0;0;0;0;0;0;0;0;5;0;0;0;2;53;12,125;141;5,625;13,9375;24,5;958;1,9375;3;24,9375;0;0;-45,5;903,5625;-1164,875;627;1;1;0;0;0;0;4;1027;1058;1067;1047;561;712;420;428;466;460;5;412;882;8,0625;4,375;0;0;0;6;-0,75;-0,5;44,125;-0,125;22,75;382;10;1;100;-45;7
1061;0;0;0;0;14;48;41;0;0;0;0;0;0;0;0;0;0;0;5;0;0;0;2;51;10,6875;139;5,625;13,875;22;780;1,6875;3;24,9375;0;0;-45,8125;904,625;-1197,8125;624;1;1;0;0;0;0;4;1022;1054;1060;1037;557;706;421;428;466;460;5;408;869;8,0625;4,375;0;0;0;6;-0,875;-0,375;44,125;-0,125;22,75;382;6;1;100;-46;7
1067;0;0;0;0;14;48;46;0;0;0;0;0;0;0;0;0;0;0;5;0;0;0;2;49;10,75;140;5,625;13,8125;21,0625;747;1,0625;3;24,9375;0;0;-45,75;904,125;-1260,375;620;1;1;0;0;0;0;4;1004;1033;1030;1019;552;699;421;428;467;460;5;405;856;8,0625;4,375;0;0;0;6;-0,75;-0,375;44,125;-0,125;22,75;382;-10;1;100;-46;7
1073;0;0;0;0;14;48;51;0;0;0;0;0;0;0;0;0;0;0;5;0;0;0;2;48;11,5625;141;5,625;13,8125;18,5625;714;0,875;3;24,9375;0;0;-45,9375;904,75;-1283,25;617;1;1;0;0;0;0;4;984;1008;1008;1001;548;693;421;428;467;460;5;402;843;8,0625;4,375;0;0;0;6;-0,5;-0,75;44,125;0;21,75;382;-3;1;100;-46;7
1079;0;0;0;0;14;48;56;0;0;0;0;0;0;0;0;0;0;0;5;0;0;0;2;50;11,625;142;5,625;13,9375;24,6875;888;1,375;3;24,9375;0;0;-45,375;901,5;-1234,3125;613;1;1;0;0;0;0;4;974;999;990;992;543;687;421;427;467;460;5;399;832;8,0625;4,375;0;0;0;6;-0,5;-0,625;44,125;-0,125;21,5;382;13;1;100;-45;7
1085;0;0;0;0;14;49;1;0;0;0;0;0;0;0;0;0;0;0;5;0;0;0;2;50;11,8125;143;5,625;13,9375;24,9375;885;1,625;3;24,9375;0;0;-45,5;902,5;-1209,9375;610;1;1;0;0;0;0;4;971;995;990;987;539;681;421;427;467;460;5;396;819;8,0625;4,375;0;0;0;6;-0,625;-0,75;44,125;0;21,5;382;13;1;100;-46;7
1091;0;0;0;0;14;49;6;0;0;0;0;0;0;0;0;0;0;0;5;0;0;0;2;50;12,625;147;5,625;14;22,75;886;1,75;3;24,9375;0;0;-45,25;901,875;-1212,125;607;1;1;0;0;0;0;4;969;991;986;981;535;675;421;427;467;460;5;393;807;8,0625;4,375;0;0;0;6;-0,75;-0,375;44,125;-0,125;21,5;382;0;1;100;-45;7
1097;0;0;0;0;14;49;11;0;0;0;0;0;0;0;0;0;0;0;5;0;0;0;2;50;11,9375;146;5,625;13,9375;26,4375;890;1,6875;3;24,9375;0;0;-45,5625;903,9375;-1211,0625;603;1;1;0;0;0;0;4;966;986;983;978;531;670;422;427;467;460;5;390;795;8,0625;4,375;0;0;0;6;-0,75;-0,375;44,125;-0,125;20,5;382;-4;1;100;-46;7
1103;0;0;0;0;14;49;16;0;0;0;0;0;0;0;0;0;0;0;5;0;0;0;2;50;12,4375;147;5,625;14;24,25;882;1,75;3;24,9375;0;0;-45,5;902,375;-1216,125;600;1;1;0;0;0;0;4;965;983;982;975;527;664;422;427;467;460;5;387;784;8,0625;4,375;0;0;0;6;-0,625;-0,5;44,125;-0,125;20,5;383;-11;1;100;-46;7
1109;0;0;0;0;14;49;21;0;0;0;0;0;0;0;0;0;0;0;5;0;0;0;2;50;11,875;147;5,625;13,9375;23;883;1,8125;3;24,9375;0;0;-45,8125;904,5625;-1224,75;597;1;1;0;0;0;0;4;964;980;979;973;523;658;422;427;467;460;5;385;772;8,0625;4,375;0;0;0;6;-0,875;-0,5;44,125;-0,125;21;383;-8;1;100;-46;7
1115;0;0;0;0;14;49;26;0;0;0;0;0;0;0;0;0;0;0;5;0;0;0;2;50;11,75;149;5,625;13,9375;23,75;876;1,8125;3;24,9375;0;0;-45,375;901,6875;-1221,375;594;1;1;0;0;0;0;4;963;977;974;970;519;652;423;427;467;460;5;382;761;8,0625;4,375;0;0;0;6;-0,625;-0,5;44,125;0;20,25;382;4;1;100;-45;7
1121;0;0;0;0;14;49;31;0;0;0;0;0;0;0;0;0;0;0;5;0;0;0;2;50;12,3125;148;5,625;13,9375;25,4375;892;1,75;3;24,9375;0;0;-45,4375;904;-1242,75;591;1;1;0;0;0;0;4;961;975;969;967;515;647;424;427;467;460;5;379;751;8,0625;4,375;0;0;0;6;-0,625;-0,5;44,125;0;19,5;382;-29;1;100;-45;7
1127;0;0;0;0;14;49;36;0;0;0;0;0;0;0;0;0;0;0;5;0;0;0;2;50;11,4375;149;5,625;14;26,4375;894;1,6875;3;24,9375;0;0;-45,5625;904,0625;-1229,25;588;1;1;0;0;0;0;4;960;974;967;966;512;642;425;427;467;460;5;377;740;8,0625;4,375;0;0;0;6;-1;-0,625;44,125;-0,125;20;383;-10;1;100;-46;7
1133;0;0;0;0;14;49;41;0;0;0;0;0;0;0;0;0;0;0;5;0;0;0;2;50;12;152;5,625;14;25,625;893;1,6875;3;24,9375;0;0;-45,5;902,5625;-1235,5625;586;1;1;0;0;0;0;4;958;972;965;964;508;636;425;427;467;460;5;374;729;8,0625;4,375;0;0;0;6;-0,5;-0,5;44,125;-0,125;19;382;9;1;100;-46;7
1139;0;0;0;0;14;49;46;0;0;0;0;0;0;0;0;0;0;0;5;0;0;0;2;50;11,4375;150;5,625;13,9375;24,8125;896;1,625;3;24,9375;0;0;-45,5625;902,6875;-1240,375;583;1;1;0;0;0;0;4;957;970;965;963;504;631;425;427;467;460;5;371;719;8,0625;4,375;0;0;0;6;-0,5;-0,375;44,125;0;18,75;383;22;1;100;-46;7
1145;0;0;0;0;14;49;51;0;0;0;0;0;0;0;0;0;0;0;5;0;0;0;2;50;12;152;5,625;14;25,4375;890;1,5;3;24,9375;0;0;-45,75;905,5;-1257,875;580;1;1;0;0;0;0;4;957;969;965;960;500;625;426;427;467;460;5;369;709;8,0625;4,375;0;0;0;6;-0,75;-0,625;44,125;0;18,5;383;-26;1;100;-46;7
1151;0;0;0;0;14;49;56;0;0;0;0;0;0;0;0;0;0;0;5;0;0;0;2;50;12;153;5,625;13,9375;23,75;881;1,375;3;24,9375;0;0;-45,8125;904,375;-1250,5;577;1;1;0;0;0;0;4;957;968;963;958;497;621;427;427;467;460;5;366;699;8,0625;4,375;0;0;0;6;-0,5;-0,625;44,125;-0,125;18,5;383;0;1;100;-46;7
1157;0;0;0;0;14;50;1;0;0;0;0;0;0;0;0;0;0;0;5;0;0;0;2;50;11,875;153;5,625;13,9375;22,6875;885;1,3125;3;24,9375;0;0;-45,4375;902,1875;-1257,75;575;1;1;0;0;0;0;4;955;967;963;955;493;615;427;428;467;460;5;364;689;8,0625;4,375;0;0;0;6;-0,875;-0,875;44,125;-0,125;18,5;383;-21;1;100;-45;7
1163;0;0;0;0;14;50;6;0;0;0;0;0;0;0;0;0;0;0;5;0;0;0;2;50;12,1875;158;5,625;14;24,5;887;1,25;3;24,9375;0;0;-45,5;902,5625;-1263,625;573;1;1;0;0;0;0;4;954;967;963;953;490;611;428;428;467;460;5;362;680;8,0625;4,375;0;0;0;6;-0,875;-0,5;44,125;0;18,75;383;18;1;100;-46;7
1169;0;0;0;0;14;50;11;0;0;0;0;0;0;0;0;0;0;0;5;0;0;0;2;50;11,5;155;5,625;13,9375;24;890;1,1875;3;24,9375;0;0;-45,8125;905,75;-1257,6875;570;1;1;0;0;0;0;4;954;966;963;950;487;606;429;428;467;460;5;360;670;8,0625;4,375;0;0;0;6;-1,25;-0,375;44,125;0;18,75;383;-23;1;100;-46;7
1175;0;0;0;0;14;50;16;0;0;0;0;0;0;0;0;0;0;0;5;0;0;0;2;50;12,1875;156;5,625;13,9375;25;880;1,125;3;24,9375;0;0;-45,5;902,3125;-1282,0625;567;1;1;0;0;0;0;4;954;966;963;950;483;601;429;428;467;460;5;357;661;8,0625;4,375;0;0;0;6;-1,25;-0,375;44,125;-0,125;19;383;-10;1;100;-45;7
1181;0;0;0;0;14;50;21;0;0;0;0;0;0;0;0;0;0;0;5;0;0;0;2;50;12,4375;157;5,625;14;24,3125;890;1,1875;3;24,9375;0;0;-45,4375;901,9375;-1268,875;565;1;1;0;0;0;0;4;953;965;963;950;480;596;429;429;467;460;5;355;651;8,0625;4,375;0;0;0;6;-0,875;-0,375;44,125;0;19;383;5;1;100;-45;7
1187;0;0;0;0;14;50;26;0;0;0;0;0;0;0;0;0;0;0;5;0;0;0;2;50;12,375;158;5,625;14;24,1875;890;1,1875;3;24,9375;0;0;-45,5625;904,0625;-1274,4375;562;1;1;0;0;0;0;4;953;965;962;949;477;592;430;429;467;460;5;353;643;8,0625;4,375;0;0;0;6;-1;-0,5;44,125;0;19,5;384;-14;1;100;-46;7
1193;0;0;0;0;14;50;31;0;0;0;0;0;0;0;0;0;0;0;5;0;0;0;2;50;12,375;159;5,625;13,9375;24,6875;889;1,1875;3;24,9375;0;0;-45,5625;902,8125;-1276,9375;560;1;1;0;0;0;0;4;953;965;960;948;474;587;431;429;467;460;5;351;634;8,125;4,375;0;0;0;6;-0,5;-0,25;44,125;-0,125;18,75;383;3;1;100;-46;7
1199;0;0;0;0;14;50;36;0;0;0;0;0;0;0;0;0;0;0;5;0;0;0;2;50;12,4375;160;5,625;14;23,9375;889;1,1875;3;24,9375;0;0;-45,5625;902,875;-1300,0625;558;1;1;0;0;0;0;4;953;964;957;947;471;582;431;429;467;460;5;348;625;8,125;4,375;0;0;0;6;-0,75;-0,5;44,125;-0,125;19;384;6;1;100;-46;7
1205;0;0;0;0;14;50;41;0;0;0;0;0;0;0;0;0;0;0;5;0;0;0;2;50;11,625;162;5,625;14;23,3125;886;1,1875;3;24,9375;0;0;-45,375;902,5;-1288,125;556;1;1;0;0;0;0;4;953;964;956;947;468;578;432;429;467;460;5;346;617;8,125;4,375;0;0;0;6;-0,25;-0,375;44,125;0,125;18,75;384;15;1;100;-45;7
1211;0;0;0;0;14;50;46;0;0;0;0;0;0;0;0;0;0;0;5;0;0;0;2;50;12,125;165;5,625;14;24,25;890;1,125;3;24,9375;0;0;-45,5;902,625;-1290,4375;553;1;1;0;0;0;0;4;953;964;954;946;465;574;432;430;468;460;5;344;609;8,125;4,375;0;0;0;6;-0,625;-0,625;44,125;0,125;18,75;384;-4;1;100;-46;7
1217;0;0;0;0;14;50;51;0;0;0;0;0;0;0;0;0;0;0;5;0;0;0;2;52;14,375;163;5,625;14,0625;26,5;1135;1,4375;3;24,9375;0;0;-45,5625;902,6875;-1289,1875;551;1;1;0;0;0;0;4;955;968;954;947;462;569;433;430;468;460;5;342;601;8,125;4,375;0;0;0;6;-0,25;-1,625;44,125;-0,375;18,75;383;18;1;100;-46;7
1223;0;0;0;0;14;50;56;0;0;0;0;0;0;0;0;0;0;0;5;0;0;0;2;51;11,875;169;5,625;13,9375;24,3125;944;1,4375;3;24,875;0;0;-45,5625;902,8125;-1297,6875;549;1;1;0;0;0;0;4;983;1002;987;972;459;565;435;432;469;460;5;340;593;8,125;4,375;0;0;0;6;-0,5;-0,875;44,125;-0,25;18,25;384;18;1;100;-46;7
1229;0;0;0;0;14;51;1;0;0;0;0;0;0;0;0;0;0;0;5;0;0;0;2;51;12,125;169;5,625;13,9375;23,5625;938;1,1875;3;24,875;0;0;-45,5625;903,9375;-1307,5;547;1;1;0;0;0;0;4;984;1005;994;976;456;561;436;433;470;460;5;338;585;8,125;4,375;0;0;0;6;-0,5;-0,625;44,125;0;17,5;383;19;1;100;-46;7
1235;0;0;0;0;14;51;6;0;0;0;0;0;0;0;0;0;0;0;5;0;0;0;2;50;12,75;167;5,625;14;24,0625;934;1,125;3;24,875;0;0;-45,4375;901,8125;-1316,5625;545;1;1;0;0;0;0;4;984;1006;995;977;454;557;436;433;470;460;5;337;577;8,125;4,375;0;0;0;6;-0,875;-0,5;44,125;-0,125;18,5;383;-11;1;100;-45;7
1241;0;0;0;0;14;51;11;0;0;0;0;0;0;0;0;0;0;0;5;0;0;0;2;50;12,5;173;5,625;14;24,8125;950;1,0625;3;24,875;0;0;-45,6875;903,9375;-1314,25;543;1;1;0;0;0;0;4;984;1007;998;979;451;553;437;433;471;460;5;335;570;8,125;4,375;0;0;0;6;-1;-0,5;44,125;0;19,25;384;39;1;100;-46;7
1247;0;0;0;0;14;51;16;0;0;0;0;0;0;0;0;0;0;0;5;0;0;0;2;50;12,1875;171;5,625;13,9375;23,9375;932;1;3;24,875;0;0;-45,375;901,8125;-1317,8125;541;1;1;0;0;0;0;4;986;1008;1002;979;448;548;438;434;472;461;5;332;562;8,125;4,375;0;0;0;6;-1,375;-0,5;44,125;-0,125;19;384;-23;1;100;-45;7
1253;0;0;0;0;14;51;21;0;0;0;0;0;0;0;0;0;0;0;5;0;0;0;2;50;12;170;5,625;14;24,8125;930;1;3;24,875;0;0;-45,5625;902,6875;-1319,6875;539;1;1;0;0;0;0;4;988;1008;1003;979;445;545;439;435;472;461;5;331;555;8,125;4,375;0;0;0;6;-1,25;-0,375;44,125;0;20;383;-2;1;100;-46;7
1259;0;0;0;0;14;51;26;0;0;0;0;0;0;0;0;0;0;0;5;0;0;0;2;50;12,75;170;5,625;14;24;920;1;3;24,875;0;0;-45,5;902,5;-1339,375;537;1;1;0;0;0;0;4;988;1008;1003;979;443;541;440;435;474;462;5;329;548;8,125;4,375;0;0;0;6;-1,375;-0,5;44,125;-0,125;20,75;383;11;1;100;-46;7
1265;0;0;0;0;14;51;31;0;0;0;0;0;0;0;0;0;0;0;5;0;0;0;2;50;12,125;176;5,625;14;24,5625;937;0,9375;3;24,875;0;0;-45,5625;902,8125;-1324,5625;535;1;1;0;0;0;0;4;988;1008;1003;979;440;537;440;436;475;462;5;327;541;8,125;4,375;0;0;0;6;-0,75;-0,625;44,125;-0,5;20,25;383;2;1;100;-46;7
1271;0;0;0;0;14;51;36;0;0;0;0;0;0;0;0;0;0;0;5;0;0;0;2;50;12,875;172;5,625;14;23,375;932;0,9375;3;24,875;0;0;-45,6875;904,9375;-1338,8125;533;1;1;0;0;0;0;4;988;1008;1003;981;437;533;441;436;476;463;5;325;534;8,125;4,375;0;0;0;6;-1,125;-0,625;44,125;-0,125;20,75;384;2;1;100;-46;7
1277;0;0;0;0;14;51;41;0;0;0;0;0;0;0;0;0;0;0;5;0;0;0;2;50;12,875;173;5,625;14;22,9375;926;0,875;3;24,875;0;0;-45,4375;902,8125;-1349;531;1;1;0;0;0;0;4;989;1009;1004;982;435;529;442;437;477;463;5;324;527;8,125;4,375;0;0;0;6;-0,5;-0,875;44,125;-0,125;19,75;384;4;1;100;-45;7
1283;0;0;0;0;14;51;46;0;0;0;0;0;0;0;0;0;0;0;5;0;0;0;2;50;12,5;175;5,625;14;24,375;921;0,875;3;24,875;0;0;-45,6875;905,125;-1335,5625;530;1;1;0;0;0;0;4;989;1009;1005;983;432;526;443;438;478;464;5;322;521;8,125;4,375;0;0;0;6;-0,875;-1,625;44,125;-1;20,25;384;-5;1;100;-46;7
1290;0;0;0;0;14;51;51;0;0;0;0;0;0;0;0;0;0;0;5;0;0;0;2;51;12,3125;180;5,625;14;23,6875;921;0,9375;3;24,875;0;0;-45,4375;902,8125;-1338;528;1;1;0;0;0;0;4;989;1009;1005;984;430;522;444;438;479;465;5;321;514;8,125;4,375;0;0;0;6;-1;-0,875;44,125;-0,125;20,25;383;1;1;100;-45;7
1296;0;0;0;0;14;51;56;0;0;0;0;0;0;0;0;0;0;0;5;0;0;0;2;50;12,6875;182;5,625;14;24,8125;929;0,9375;3;24,875;0;0;-45,5625;904,0625;-1340,375;526;1;1;0;0;0;0;4;989;1009;1005;984;427;518;445;439;480;465;5;319;508;8,125;4,375;0;0;0;6;-1,125;-0,75;44,125;-0,125;20,75;384;-3;1;100;-46;7
1302;0;0;0;0;14;52;1;0;0;0;0;0;0;0;0;0;0;0;5;0;0;0;2;50;12,3125;179;5,625;14;25,125;922;0,9375;3;24,875;0;0;-45,4375;902,0625;-1348,125;524;1;1;0;0;0;0;4;988;1010;1004;984;425;515;445;439;481;466;5;317;501;8,125;4,375;0;0;0;6;-0,875;-0,375;44,125;-0,125;20,5;384;-21;1;100;-45;7
1308;0;0;0;0;14;52;6;0;0;0;0;0;0;0;0;0;0;0;5;0;0;0;2;50;13;183;5,625;14;22,8125;910;0,9375;3;24,875;0;0;-45,875;905;-1346,625;523;1;1;0;0;0;0;4;988;1013;1003;984;423;511;446;440;483;466;5;316;495;8,125;4,375;0;0;0;6;-0,625;-0,375;44,125;0;20,25;383;16;1;100;-46;7
1314;0;0;0;0;14;52;11;0;0;0;0;0;0;0;0;0;0;0;5;0;0;0;2;51;12,375;179;5,625;13,9375;22,8125;924;0,9375;3;24,875;0;0;-45,5;902,5625;-1356,4375;521;1;1;0;0;0;0;4;986;1013;1003;985;420;508;446;440;483;467;5;314;489;8,125;4,375;0;0;0;6;-0,75;-0,25;44,125;-0,125;20,25;384;5;1;100;-46;7
1320;0;0;0;0;14;52;16;0;0;0;0;0;0;0;0;0;0;0;5;0;0;0;2;50;12,125;186;5,625;13,9375;22,5;910;0,9375;3;24,875;0;0;-45,4375;903,0625;-1364,125;519;1;1;0;0;0;0;4;985;1013;1002;985;418;504;447;441;484;467;5;312;483;8,125;4,375;0;0;0;6;-0,875;-0,5;44,125;-0,125;20,25;383;-7;1;100;-45;7
1326;0;0;0;0;14;52;21;0;0;0;0;0;0;0;0;0;0;0;5;0;0;0;2;50;12,4375;182;5,625;13,9375;22,3125;914;0,9375;3;24,875;0;0;-45,5625;902,8125;-1368,5;518;1;1;0;0;0;0;4;984;1014;1001;985;416;501;447;441;485;468;5;311;477;8,125;4,375;0;0;0;6;-0,625;-0,625;44,125;-0,125;20;384;-4;1;100;-46;7
1332;0;0;0;0;14;52;26;0;0;0;0;0;0;0;0;0;0;0;5;0;0;0;2;49;12,375;182;5,625;14;22,1875;918;0;3;24,875;0;0;-45,6875;903,625;-1390,125;516;1;1;0;0;0;0;4;982;1015;996;985;414;498;447;442;485;468;5;310;472;8,125;4,375;0;0;0;6;-0,875;-0,625;44,125;-0,125;20;384;40;1;100;-46;7
1338;0;0;0;0;14;52;31;0;0;0;0;0;0;0;0;0;0;0;5;0;0;0;2;49;12;183;5,625;14;24,875;923;0;3;24,875;0;0;-45,4375;902,1875;-1378,625;515;1;1;0;0;0;0;4;982;1015;990;985;412;495;448;442;486;468;5;308;466;8,125;4,375;0;0;0;6;-0,5;-0,25;44,125;-0,125;20;384;-10;1;100;-45;7
1344;0;0;0;0;14;52;36;0;0;0;0;0;0;0;0;0;0;0;5;0;0;0;2;49;13,3125;188;5,625;14;23,75;909;0;3;24,875;0;0;-45,5625;902,9375;-1378,1875;514;1;1;0;0;0;0;4;981;1015;992;985;410;492;448;442;487;469;5;307;460;8,125;4,375;0;0;0;6;-0,75;-0,5;44,125;-0,25;20,5;384;1;1;100;-46;7
1350;0;0;0;0;14;52;41;0;0;0;0;0;0;0;0;0;0;0;5;0;0;0;2;49;12,5;184;5,625;14;23,375;899;0;3;24,875;0;0;-45,3125;901,9375;-1384,875;512;1;1;0;0;0;0;4;978;1015;990;983;408;488;449;443;487;469;5;305;455;8,125;4,375;0;0;0;6;-0,5;-0,75;44,125;-0,625;20;384;13;1;100;-45;7
1356;0;0;0;0;14;52;46;0;0;0;0;0;0;0;0;0;0;0;5;0;0;0;2;49;16;186;5,625;14,0625;25,0625;1215;0,8125;3;24,875;0;0;-45,5625;902,8125;-1390,5;511;1;1;0;0;0;0;4;977;1015;992;982;406;485;449;443;487;470;5;304;449;8,125;4,375;0;0;0;6;-0,25;-0,625;44,125;-0,625;20,25;384;-16;1;100;-46;7
1362;0;0;0;0;14;52;51;0;0;0;0;0;0;0;0;0;0;0;5;0;0;0;2;55;17,0625;194;5,625;14,0625;27,1875;1350;1,5625;3;24,875;0;0;-45,5625;902,6875;-1377,125;510;1;1;0;0;0;0;4;1038;1077;1064;1034;404;482;450;445;489;471;5;303;444;8,125;4,375;0;0;0;6;2,125;0;44,125;2,5;18,75;384;24;1;100;-46;7
1368;0;0;0;0;14;52;56;0;0;0;0;0;0;0;0;0;0;0;5;0;0;0;2;50;11,875;189;5,625;13,875;20,3125;776;1,125;3;24,875;0;0;-45,5625;903,1875;-1414,6875;508;1;1;0;0;0;0;4;1066;1103;1102;1067;402;479;453;448;491;473;5;302;439;8,125;4,375;0;0;0;6;1,125;0,5;44,125;-0,625;19,5;384;-33;1;100;-46;7
1374;0;0;0;0;14;53;1;0;0;0;0;0;0;0;0;0;0;0;5;0;0;0;2;50;13,0625;190;5,625;14;25,8125;1027;1,1875;3;24,875;0;0;-45,5;902,5625;-1372,3125;507;1;1;0;0;0;0;4;1039;1073;1074;1045;400;477;453;448;491;474;5;300;434;8,125;4,375;0;0;0;6;0,125;-0,625;44,125;4,5;20;384;-9;1;100;-46;7
1380;0;0;0;0;14;53;6;0;0;0;0;0;0;0;0;0;0;0;5;0;0;0;2;51;14,0625;198;5,625;14,0625;26,1875;1131;1,875;3;24,875;0;0;-45,4375;902,0625;-1368,875;505;1;1;0;0;0;0;4;1045;1081;1076;1047;398;474;454;448;492;474;5;299;429;8,125;4,375;0;0;0;6;0,5;1,5;44,125;7;21;384;27;1;100;-45;7
1386;0;0;0;0;14;53;11;0;0;0;0;0;0;0;0;0;0;0;5;0;0;0;2;53;14,5;196;5,625;14,0625;25,9375;1209;2,25;3;24,875;0;0;-45,5625;902,6875;-1366,125;504;1;1;0;0;0;0;4;1063;1099;1095;1065;396;471;455;450;493;476;5;298;424;8,125;4,375;0;0;0;6;-0,25;2,875;44,125;7,125;21;385;29;1;100;-46;7
1392;0;0;0;0;14;53;16;0;0;0;0;0;0;0;0;0;0;0;5;0;0;0;2;54;14,4375;197;5,625;14,0625;26,75;1169;1,8125;3;24,875;0;0;-45,5;903,625;-1354,0625;502;1;1;0;0;0;0;4;1089;1125;1126;1094;394;468;458;452;495;478;5;296;419;8,125;4,375;0;0;0;6;0,25;3,375;44,125;-0,375;22;386;8;1;100;-45;7
1398;0;0;0;0;14;53;21;0;0;0;0;0;0;0;0;0;0;0;5;0;0;0;2;52;14,625;194;5,625;14,0625;23,3125;1160;2,1875;3;24,875;0;0;-45,4375;903;-1335,4375;502;1;1;0;0;0;0;4;1088;1122;1117;1094;392;465;459;453;497;480;5;295;414;8,125;4,375;0;0;0;6;0;2,875;44,125;-0,75;22,75;386;-8;1;100;-45;7
1404;0;0;0;0;14;53;26;0;0;0;0;0;0;0;0;0;0;0;5;0;0;0;2;52;13,5625;204;5,625;14,0625;24,4375;1157;2,3125;3;24,875;0;0;-45,5625;902,6875;-1353,9375;500;1;1;0;0;0;0;4;1086;1119;1110;1092;391;463;460;454;498;481;5;294;410;8,125;4,375;0;0;0;6;0,75;1,25;44,125;-0,25;23;387;13;1;100;-46;7
1410;0;0;0;0;14;53;31;0;0;0;0;0;0;0;0;0;0;0;5;0;0;0;2;52;14,125;202;5,625;14,0625;25,75;1166;2,125;3;24,875;0;0;-45,5;902,25;-1352,9375;499;1;1;0;0;0;0;4;1085;1118;1109;1092;389;460;460;455;499;482;5;293;405;8,125;4,375;0;0;0;6;0,625;1,125;44,125;0,875;23,75;387;17;1,0625;100;-45;7
1416;0;0;0;0;14;53;36;0;0;0;0;0;0;0;0;0;0;0;5;0;0;0;2;49;12,875;200;5,625;14;22,25;940;1,625;3;24,875;0;0;-45,5;902,5625;-1362,5625;498;1;1;0;0;0;0;4;1080;1113;1105;1093;387;457;461;456;500;484;5;292;401;8,125;4,375;0;0;0;6;0;1,5;44,125;-0,5;24,75;389;49;1;100;-46;7
1422;0;0;0;0;14;53;41;0;0;0;0;0;0;0;0;0;0;0;5;0;0;0;2;46;10,375;200;5,625;13,9375;20,375;801;0;3;24,875;0;0;-45,5625;902,6875;-1411,3125;497;1;1;0;0;0;0;4;1045;1078;1071;1067;385;455;461;456;500;484;5;291;396;8,125;4,375;0;0;0;6;-1,25;2,5;44,125;-0,125;26;391;-4;1;100;-46;7
1428;0;0;0;0;14;53;46;0;0;0;0;0;0;0;0;0;0;0;5;0;0;0;2;45;10,3125;200;5,625;13,9375;18,6875;787;0,875;3;24,875;0;0;-45,5;903,875;-1484,625;496;1;1;0;0;0;0;4;1017;1050;1042;1043;384;452;461;456;500;484;5;290;392;8,125;4,375;0;0;0;6;-1,375;0,25;44,125;0,125;26;393;16;1;100;-46;7
1434;0;0;0;0;14;53;51;0;0;0;0;0;0;0;0;0;0;0;5;0;0;0;2;45;10,875;201;5,625;13,9375;20,5625;771;0,6875;3;24,875;0;0;-45,5;903,875;-1520;495;1;1;0;0;0;0;4;997;1034;1026;1025;382;450;460;454;499;484;5;289;387;8,125;4,375;0;0;0;6;-2,75;-1;44,125;1,25;26,5;393;10;1;100;-46;7
1440;0;0;0;0;14;53;56;0;0;0;0;0;0;0;0;0;0;0;5;0;0;0;2;44;10,8125;202;5,625;13,9375;19,875;776;0;3;24,875;0;0;-45,5;902,8125;-1551,6875;493;1;1;0;0;0;0;4;982;1021;1013;1011;381;447;458;452;498;483;5;287;383;8,125;4,375;0;0;0;6;-2,5;-0,25;44,125;4,75;26;393;10;1;100;-46;7
1446;0;0;0;0;14;54;1;0;0;0;0;0;0;0;0;0;0;0;5;0;0;0;2;44;10,8125;202;5,625;13,9375;20,0625;759;0;3;24,875;0;0;-45,5625;902,875;-1572,4375;492;1;1;0;0;0;0;4;970;1015;1004;1001;379;444;456;451;497;482;5;286;379;8,125;4,375;0;0;0;6;-3,25;1,375;44,125;-11,625;25;394;7;1;100;-46;7
1452;0;0;0;0;14;54;6;0;0;0;0;0;0;0;0;0;0;0;5;0;0;0;2;47;13,75;213;5,625;14,0625;22,9375;1016;1;3;24,875;0;0;-45,5;902,3125;-1462,8125;491;1;1;0;0;0;0;4;966;1014;995;1002;378;442;455;450;495;482;5;286;375;8,125;4,375;0;0;0;6;-3,375;-0,5;44,125;-14,875;25,25;394;3;1;100;-45;7
1458;0;0;0;0;14;54;11;0;0;0;0;0;0;0;0;0;0;0;5;0;0;0;2;47;10,875;216;5,625;14;23,8125;903;1,1875;3;24,875;0;0;-45,4375;902,8125;-1462,5625;490;1;1;0;0;0;0;4;978;1024;1009;1015;376;440;455;450;495;482;5;285;372;8,125;4,375;0;0;0;6;-4;-1,125;44,125;-16;23;394;-6;1;100;-45;7
1464;0;0;0;0;14;54;16;0;0;0;0;0;0;0;0;0;0;0;5;0;0;0;2;44;10,6875;209;5,625;14;25,0625;790;0,8125;3;24,875;0;0;-45,5625;902,8125;-1573,6875;490;1;1;0;0;0;0;4;965;1008;976;1005;375;437;455;450;495;482;5;284;368;8,1875;4,375;0;0;0;6;-4,375;-2,375;44,125;-1,5;23,75;394;-4;1;100;-46;7
1470;0;0;0;0;14;54;21;0;0;0;0;0;0;0;0;0;0;0;5;0;0;0;2;54;26;217;5,625;14,125;28,125;2026;1,75;3;24,875;0;0;-45,3125;902;-1502;489;1;1;0;0;0;0;4;992;1029;999;1022;373;435;455;450;495;482;5;283;364;8,1875;4,375;0;0;0;6;-1;-0,625;44,125;-0,125;24,75;394;16;1;100;-45;7
1476;0;0;0;0;14;54;26;0;0;0;0;0;0;0;0;0;0;0;5;0;0;0;2;66;27,25;229;5,625;14,125;28;2200;9,0625;3;24,8125;0;0;-45,5;902,625;-1274,5625;488;1;1;0;0;0;0;4;1105;1140;1122;1126;372;433;458;456;498;484;5;282;360;8,1875;4,375;0;0;0;6;5,25;-0,75;44,125;0,25;26,75;394;6;1;100;-46;7
1482;0;0;0;0;14;54;31;0;0;0;0;0;0;0;0;0;0;0;5;0;0;0;2;70;29;220;5,625;14,125;28,75;2284;13,5;3;24,8125;0;0;-45,5625;902,8125;-850,75;487;1;1;0;0;0;0;4;1176;1161;1223;1138;371;430;465;466;506;491;5;281;356;8,1875;4,375;0;0;0;6;6,375;-1;44,125;0,25;32,5;394;-11;1;100;-46;7
1488;0;0;0;0;14;54;36;0;0;0;0;0;0;0;0;0;0;0;5;0;0;0;2;70;29;236;5,625;14,125;28,5625;2312;14,8125;3;24,8125;0;0;-45,4375;902,0625;-870,75;486;1;1;0;0;0;0;4;1232;1172;1273;1116;369;428;474;475;516;495;5;280;352;8,1875;4,375;0;0;0;6;4,5;2,75;44,125;-0,25;41;394;33;0,9375;100;-45;7
1494;0;0;0;0;14;54;41;0;0;0;0;0;0;0;0;0;0;0;5;0;0;0;2;71;28,5625;226;5,625;14,125;27;2323;15,3125;3;24,75;0;0;-45,4375;902,0625;-870,75;485;1;1;0;0;0;0;4;1226;1195;1279;1124;368;426;479;482;526;498;5;279;349;8,1875;4,375;0;0;0;6;5,875;2,25;44,125;-0,75;45,25;395;-132;1,125;100;-45;7
1500;0;0;0;0;14;54;46;0;0;0;0;0;0;0;0;0;0;0;5;0;0;0;2;72;29,875;226;5,625;14,125;28,0625;2346;15,5625;3;24,75;0;0;-45,6875;903,625;-837,25;484;1;1;0;0;0;0;4;1244;1199;1294;1116;367;424;483;487;534;500;5;278;345;8,1875;4,375;0;0;0;6;7,375;-0,875;44,125;0;49;383;-456;0,875;100;-46;7
1506;0;0;0;0;14;54;51;0;0;0;0;0;0;0;0;0;0;0;5;0;0;0;2;72;29,8125;234;5,625;14,125;28,875;2361;15,6875;3;24,75;0;0;-45,75;904,375;-857,5625;483;1;1;0;0;0;0;4;1273;1199;1308;1108;365;422;487;492;543;500;5;277;342;8,1875;4,375;0;0;0;6;8,5;1,375;44,125;-0,75;58,25;346;-137;1;100;-46;7
1512;0;0;0;0;14;54;56;0;0;0;0;0;0;0;0;0;0;0;5;0;0;0;2;74;29,4375;238;5,625;14,125;27,1875;2398;15,875;3;24,6875;0;0;-45,5625;903,9375;-860,3125;482;1;1;0;0;0;0;4;1278;1206;1311;1111;364;420;489;496;551;500;5;276;338;8,1875;4,5;0;0;0;6;6,25;2,75;44,125;-0,25;67;346;44;1,0625;100;-46;7
1518;0;0;0;0;14;55;1;0;0;0;0;0;0;0;0;0;0;0;5;0;0;0;2;71;28,25;239;5,625;14,125;27,5;2416;16,125;3;24,6875;0;0;-45,375;902,625;-865,5;482;1;1;0;0;0;0;4;1280;1222;1314;1119;363;417;491;498;558;500;5;275;335;8,1875;4,5;0;0;0;6;9,5;2,75;44,125;0,25;82,25;393;1088;0,9375;100;-45;7
1524;0;0;0;0;14;55;6;0;0;0;0;0;0;0;0;0;0;0;5;0;0;0;2;72;27,75;239;5,625;14,125;26,6875;2393;16,375;3;24,6875;0;0;-45,5625;904;-860,5;480;1;1;0;0;0;0;4;1282;1227;1318;1121;361;415;492;500;564;500;5;274;331;8,1875;4,5;0;0;0;6;7,5;-0,625;44,125;2,25;97,25;523;1505;0,9375;100;-46;7
1530;0;0;0;0;14;55;11;0;0;0;0;0;0;0;0;0;0;0;5;0;0;0;2;74;27,5625;240;5,625;14,1875;27,0625;2402;16,375;3;24,625;0;0;-45,5625;904;-839,75;480;1;1;0;0;0;0;4;1283;1226;1318;1118;360;414;493;502;569;499;5;273;328;8,1875;4,5;0;0;0;6;6,875;2,25;44,125;0,125;104,75;622;1047;1,0625;100;-46;7
1536;0;0;0;0;14;55;16;0;0;0;0;0;0;0;0;0;0;0;5;0;0;0;2;72;28,1875;242;5,625;14,125;28,1875;2354;16,0625;3;24,625;0;0;-45,5625;902,875;-914,1875;479;1;1;0;0;0;0;4;1285;1223;1319;1118;359;412;494;503;574;496;5;273;324;8,1875;4,5;0;0;0;6;1,125;4,25;44,125;0,375;114,75;766;1776;0,6875;100;-46;7
1543;0;0;0;0;14;55;21;0;0;0;0;0;0;0;0;0;0;0;5;0;0;0;2;69;27,125;241;5,625;14,125;27,75;2356;15;3;24,5625;0;0;-45,4375;902,6875;-1055,9375;478;1;1;0;0;0;0;4;1229;1235;1313;1193;358;410;494;504;576;496;5;272;321;8,1875;4,5;0;0;0;6;0,25;2;44,125;-0,5;114,75;806;659;0,875;100;-45;7
1549;0;0;0;0;14;55;26;0;0;0;0;0;0;0;0;0;0;0;5;0;0;0;2;67;25,8125;249;5,625;14,125;26,6875;2282;13,6875;3;24,5625;0;0;-45,375;902,5625;-1198,9375;477;1;1;0;0;0;0;4;1224;1262;1299;1225;357;408;494;504;577;496;5;271;318;8,1875;4,5;0;0;0;6;5,75;1,5;44,125;0,25;115;822;443;1,125;100;-45;7
1555;0;0;0;0;14;55;31;0;0;0;0;0;0;0;0;0;0;0;5;0;0;0;2;68;26;245;5,625;14,1875;26,5;2257;12,9375;3;24,5625;0;0;-45,5;902,5;-1227,0625;476;1;1;0;0;0;0;4;1240;1297;1287;1241;356;406;492;505;577;496;5;270;315;8,1875;4,5;0;0;0;6;4,375;10,625;44,125;1,25;116,5;869;551;1;100;-46;7
1561;0;0;0;0;14;55;36;0;0;0;0;0;0;0;0;0;0;0;5;0;0;0;2;69;25,5625;250;5,625;14,1875;26,4375;2269;12,75;3;24,5625;0;0;-45,3125;902,1875;-1249,8125;475;1;1;0;0;0;0;4;1244;1312;1281;1250;354;404;491;505;577;496;5;269;311;8,1875;4,5;0;0;0;6;5,125;9,5;44,125;1;117,5;922;694;1,0625;100;-45;7
1567;0;0;0;0;14;55;41;0;0;0;0;0;0;0;0;0;0;0;5;0;0;0;2;69;25,75;237;5,625;14,1875;27,9375;2251;12,6875;3;24,5;0;0;-45,5625;902,6875;-1252,5625;475;1;1;0;0;0;0;4;1246;1318;1275;1257;353;402;488;505;577;497;5;268;308;8,1875;4,5;0;0;0;6;8,625;21,375;44,125;2,5;118,75;986;784;1,125;100;-46;7
1573;0;0;0;0;14;55;46;0;0;0;0;0;0;0;0;0;0;0;5;0;0;0;2;67;25,75;252;5,625;14,125;26,625;2224;12,5625;3;24,5;0;0;-45,5625;905,0625;-1265,9375;473;1;1;0;0;0;0;4;1243;1319;1271;1257;352;400;486;506;577;498;5;268;305;8,1875;4,5;0;0;0;6;8,125;24;44,125;4,25;121,25;1095;1289;1,125;100;-46;7
1579;0;0;0;0;14;55;51;0;0;0;0;0;0;0;0;0;0;0;5;0;0;0;2;66;26,25;255;5,625;14,1875;25,875;2216;12,5625;3;24,5;0;0;-45,5625;902,625;-1247,6875;473;1;1;0;0;0;0;4;1233;1319;1263;1260;351;398;484;506;577;499;5;267;301;8,1875;4,5;0;0;0;6;6,875;27,75;44,125;4,625;120,5;1188;1050;1;100;-46;7
1585;0;0;0;0;14;55;56;0;0;0;0;0;0;0;0;0;0;0;5;0;0;0;2;67;25,6875;244;5,625;14,125;25,375;2207;12,5;3;24,5;0;0;-45,5625;904,375;-1244,9375;472;1;1;0;0;0;0;4;1229;1311;1256;1257;350;396;481;506;576;500;5;266;298;8,1875;4,5;0;0;0;6;6,375;28,25;44,125;5,5;117,5;1252;766;1;100;-46;7
1591;0;0;0;0;14;56;1;0;0;0;0;0;0;0;0;0;0;0;5;0;0;0;2;68;25,375;260;5,625;14,125;27,25;2216;12,375;3;24,4375;0;0;-45,5;903,875;-1235,5;471;1;1;0;0;0;0;4;1223;1309;1251;1256;349;395;480;506;575;501;5;266;295;8,1875;4,5;0;0;0;6;5,75;12,75;44,125;2,375;113,25;1283;304;1;100;-46;7
1597;0;0;0;0;14;56;6;0;0;0;0;0;0;0;0;0;0;0;5;0;0;0;2;68;25,3125;259;5,625;14,125;25,625;2224;12,25;3;24,4375;0;0;-45,5;902,625;-1239,1875;470;1;1;0;0;0;0;4;1218;1309;1248;1256;347;393;478;507;575;503;5;265;292;8,1875;4,5;0;0;0;6;3,5;23,375;44,125;4,5;111,25;1314;542;0,875;100;-46;7
1603;0;0;0;0;14;56;11;0;0;0;0;0;0;0;0;0;0;0;5;0;0;0;2;67;24,5;259;5,625;14,1875;25,25;2207;11,875;3;24,4375;0;0;-45,375;902,625;-1234,3125;469;1;1;0;0;0;0;4;1219;1309;1252;1257;347;391;477;508;574;504;5;264;289;8,1875;4,5;0;0;0;6;5,125;18,625;44,125;3,125;106,75;1323;-259;1,125;100;-45;7
1609;0;0;0;0;14;56;16;0;0;0;0;0;0;0;0;0;0;0;5;0;0;0;2;66;24,375;256;5,625;14,1875;24,1875;2230;10,9375;3;24,375;0;0;-45,3125;900,9375;-1246,125;468;1;1;0;0;0;0;4;1233;1315;1270;1270;345;390;475;508;573;506;5;263;286;8,1875;4,5;0;0;0;6;3,625;7,375;44,125;0;103,25;1277;-711;1,0625;100;-45;7
1615;0;0;0;0;14;56;21;0;0;0;0;0;0;0;0;0;0;0;5;0;0;0;2;68;24,5625;266;5,625;14,1875;24,5625;2243;10,6875;3;24,375;0;0;-45,625;904,0625;-1258,5;467;1;1;0;0;0;0;4;1242;1317;1281;1281;344;388;474;508;573;507;5;263;283;8,1875;4,5;0;0;0;6;10,375;12,625;44,125;1,875;105,75;1230;177;1,125;100;-46;7
1621;0;0;0;0;14;56;26;0;0;0;0;0;0;0;0;0;0;0;5;0;0;0;2;65;24;254;5,625;14,1875;24,125;2205;10,4375;3;24,375;0;0;-45,5625;902,9375;-1250;466;1;1;0;0;0;0;4;1247;1317;1287;1290;343;386;472;508;573;508;5;262;280;8,1875;4,5;0;0;0;6;7,125;7;44,125;1,75;112,25;1321;1013;1;100;-46;7
1627;0;0;0;0;14;56;31;0;0;0;0;0;0;0;0;0;0;0;5;0;0;0;2;65;24,9375;251;5,625;14,1875;24,4375;2183;10,25;3;24,375;0;0;-45,5625;903,25;-1258,375;466;1;1;0;0;0;0;4;1247;1317;1289;1291;342;385;470;508;573;509;5;261;277;8,1875;4,5;0;0;0;6;4,375;15,625;44,125;2,375;114,5;1409;969;1,0625;100;-46;7
1633;0;0;0;0;14;56;36;0;0;0;0;0;0;0;0;0;0;0;5;0;0;0;2;65;24,25;257;5,625;14,1875;24,625;2181;10,25;3;24,375;0;0;-45,375;902,625;-1256,25;465;1;1;0;0;0;0;4;1249;1317;1287;1288;342;383;469;508;572;511;5;260;274;8,1875;4,5;0;0;0;6;-1;3;44,125;1,5;113,5;1471;367;1;100;-45;7
1639;0;0;0;0;14;56;41;0;0;0;0;0;0;0;0;0;0;0;5;0;0;0;2;65;23,8125;270;5,625;14,1875;23,875;2168;10,125;3;24,3125;0;0;-45,5;904,375;-1252,3125;464;1;1;0;0;0;0;4;1252;1313;1284;1288;340;382;468;508;572;511;5;260;271;8,1875;4,5;0;0;0;6;1,75;-2;44,125;-1,75;112,25;1471;149;1,0625;100;-45;7
1645;0;0;0;0;14;56;46;0;0;0;0;0;0;0;0;0;0;0;5;0;0;0;2;64;22,5625;254;5,625;14,1875;23,25;2166;9,3125;3;24,3125;0;0;-45,5625;904;-1228,0625;463;1;1;0;0;0;0;4;1264;1308;1288;1293;340;380;466;507;571;512;5;259;268;8,1875;4,5;0;0;0;6;3,125;1,625;44,125;-1;111,5;1484;-374;1,1875;100;-46;7
1651;0;0;0;0;14;56;51;0;0;0;0;0;0;0;0;0;0;0;5;0;0;0;2;64;22,1875;272;5,625;14,1875;22,75;2145;9;3;24,3125;0;0;-45,4375;902,6875;-1223,25;462;1;1;0;0;0;0;4;1267;1306;1289;1298;338;379;465;506;571;512;5;258;265;8,1875;4,5;0;0;0;6;3,375;2,25;44,125;0;113;1481;14;1,125;100;-45;7
1657;0;0;0;0;14;56;56;0;0;0;0;0;0;0;0;0;0;0;5;0;0;0;2;63;21;276;5,625;14,1875;23,4375;2143;8,6875;3;24,3125;0;0;-45,625;903,3125;-1225,3125;462;1;1;0;0;0;0;4;1274;1301;1291;1301;338;377;464;504;571;512;5;258;262;8,1875;4,5;0;0;0;6;0;4,25;44,125;-0,375;115,75;1506;262;1;100;-46;7
1663;0;0;0;0;14;57;1;0;0;0;0;0;0;0;0;0;0;0;5;0;0;0;2;62;21;273;5,625;14,1875;21,75;2087;8,3125;3;24,3125;0;0;-45,5;902,625;-1224,5;461;1;1;0;0;0;0;4;1273;1298;1291;1302;336;376;462;502;571;512;5;257;259;8,1875;4,5;0;0;0;6;-1,25;1,875;44,125;-0,25;116,25;1505;58;0,8125;100;-46;7
1669;0;0;0;0;14;57;6;0;0;0;0;0;0;0;0;0;0;0;5;0;0;0;2;61;20,6875;274;5,625;14,1875;22,375;2054;7,6875;3;24,25;0;0;-45,5625;902,8125;-1247,625;460;1;1;0;0;0;0;4;1273;1295;1289;1301;335;374;460;499;570;512;5;256;257;8,1875;4,5;0;0;0;6;-0,125;2,75;44,125;-0,5;113;1491;-447;1,3125;100;-46;7
1675;0;0;0;0;14;57;11;0;0;0;0;0;0;0;0;0;0;0;5;0;0;0;2;60;18,1875;275;5,625;14,1875;21,625;1963;7,0625;3;24,25;0;0;-45,4375;902,8125;-1237,875;459;1;1;0;0;0;0;4;1269;1288;1285;1299;335;373;457;496;568;511;5;256;254;8,1875;4,5;0;0;0;6;0,25;-0,875;44,125;0,25;114,25;1476;-149;1,0625;100;-45;7
1681;0;0;0;0;14;57;16;0;0;0;0;0;0;0;0;0;0;0;5;0;0;0;2;58;15,875;280;5,625;14,1875;20,4375;1892;6,125;3;24,25;0;0;-45,5625;903,9375;-1261,125;458;1;1;0;0;0;0;4;1252;1275;1279;1293;334;372;453;492;566;508;5;255;252;8,1875;4,5;0;0;0;6;-0,125;3,875;44,125;0,75;115,5;1455;128;0,8125;100;-46;7
1687;0;0;0;0;14;57;21;0;0;0;0;0;0;0;0;0;0;0;5;0;0;0;2;57;16,1875;273;5,625;14,1875;19,5625;1832;5,5;3;24,25;0;0;-45,5625;902,8125;-1273,25;457;1;1;0;0;0;0;4;1237;1264;1277;1284;333;370;448;486;562;504;5;254;249;8,1875;4,5;0;0;0;6;0,5;0,5;44,125;1,5;114,25;1468;-203;0,9375;100;-46;7
1693;0;0;0;0;14;57;26;0;0;0;0;0;0;0;0;0;0;0;5;0;0;0;2;57;16,1875;259;5,625;14,1875;19,5625;1823;5,125;3;24,25;0;0;-45,5625;902,8125;-1280,625;457;1;1;0;0;0;0;4;1235;1258;1273;1279;332;369;443;481;558;501;5;254;246;8,1875;4,5;0;0;0;6;-1,375;-2,25;44,125;0,125;112,25;1461;-137;1;100;-46;7
1699;0;0;0;0;14;57;31;0;0;0;0;0;0;0;0;0;0;0;5;0;0;0;2;56;16,0625;277;5,625;14,1875;17,9375;1824;5,0625;3;24,25;0;0;-45,4375;903;-1295,125;456;1;1;0;0;0;0;4;1227;1250;1267;1272;331;367;438;475;553;497;5;253;244;8,1875;4,5;0;0;0;6;0,375;1,625;44,125;0,5;111;1430;62;1;100;-45;7
1705;0;0;0;0;14;57;36;0;0;0;0;0;0;0;0;0;0;0;5;0;0;0;2;56;15,9375;288;5,625;14,5625;32,375;1795;5,0625;3;24,25;0;0;-45,5625;902,875;-1298,875;455;1;1;0;0;0;0;4;1224;1244;1259;1266;330;366;434;471;550;493;5;252;241;8,1875;4,5;0;0;0;6;0,375;2,625;44,125;1;107,75;1420;-467;1,0625;100;-46;7
1711;0;0;0;0;14;57;41;0;0;0;0;0;0;0;0;0;0;0;5;0;0;0;2;57;16,1875;267;5,625;14,25;17,9375;1804;5,0625;3;24,25;0;0;-45,5625;904,0625;-1287,875;454;1;1;0;0;0;0;4;1223;1240;1260;1265;329;365;430;466;545;491;5;252;239;8,1875;4,5;0;0;0;6;1,5;2,625;44,125;0,125;105,25;1360;-597;1;100;-46;7
1717;0;0;0;0;14;57;46;0;0;0;0;0;0;0;0;0;0;0;5;0;0;0;2;56;16,0625;273;5,625;14,25;17,375;1795;5;3;24,1875;0;0;-45,5625;902,8125;-1295,25;453;1;1;0;0;0;0;4;1222;1239;1256;1262;328;363;426;462;542;487;5;251;236;8,1875;4,5;0;0;0;6;3,25;2,375;44,125;0,75;105,75;1329;154;0,875;100;-46;7
1723;0;0;0;0;14;57;51;0;0;0;0;0;0;0;0;0;0;0;5;0;0;0;2;55;16,75;279;5,625;14,1875;16,375;1772;5,0625;3;24,1875;0;0;-45,5625;904,0625;-1297,625;453;1;1;0;0;0;0;4;1218;1237;1254;1259;327;362;422;458;539;484;5;251;234;8,1875;4,5;0;0;0;6;1,875;8,375;44,125;-0,125;103,75;1343;-183;1,0625;100;-46;7
1729;0;0;0;0;14;57;56;0;0;0;0;0;0;0;0;0;0;0;5;0;0;0;2;55;16,75;270;5,625;14,1875;16,3125;1763;5,125;3;24,1875;0;0;-45,25;900,8125;-1301,125;452;1;1;0;0;0;0;4;1219;1237;1256;1255;327;361;418;454;535;482;5;250;231;8,1875;4,5;0;0;0;6;0,875;10,25;44,125;1,625;100;1305;-608;1;100;-45;7
1735;0;0;0;0;14;58;1;0;0;0;0;0;0;0;0;0;0;0;5;0;0;0;2;55;16,6875;267;5,625;14,1875;16,5;1786;5,0625;3;24,1875;0;0;-45,5625;904,0625;-1306,1875;451;1;1;0;0;0;0;4;1219;1237;1258;1254;326;360;415;451;532;479;5;250;229;8,25;4,5;0;0;0;6;1,75;30,625;44,125;4,5;98,5;1264;-304;1,125;100;-46;7
1741;0;0;0;0;14;58;6;0;0;0;0;0;0;0;0;0;0;0;5;0;0;0;2;56;16,375;268;5,625;14,25;16,1875;1816;5,125;3;24,1875;0;0;-45,4375;904,0625;-1325,75;451;1;1;0;0;0;0;4;1222;1238;1260;1254;325;359;412;448;530;477;5;250;227;8,25;4,5;0;0;0;6;3,125;23;44,125;4;99,75;1245;-185;1,1875;100;-45;7
1748;0;0;0;0;14;58;10;0;0;0;0;0;0;0;0;0;0;0;5;0;0;0;2;56;16,0625;266;5,625;14,25;15,9375;1812;5,125;3;24,1875;0;0;-45,4375;902,875;-1323,3125;450;1;1;0;0;0;0;4;1224;1240;1263;1256;324;358;409;445;527;476;5;249;225;8,25;4,5;0;0;0;6;0,75;8,25;44,125;2;102,75;1257;335;0,875;100;-45;7
1755;0;0;0;0;14;58;11;0;0;0;0;0;0;0;0;0;0;0;5;0;0;0;2;56;16,1875;264;5,625;14,25;16,8125;1796;5,1875;3;24,1875;0;0;-45,375;902,5;-1322,3125;450;1;1;0;0;0;0;4;1224;1240;1263;1256;324;357;409;444;526;476;5;249;224;8,25;4,5;0;0;0;6;0,125;14,875;44,125;1,75;102,25;1257;-4;0,9375;100;-45;7
1762;0;0;0;0;14;58;16;0;0;0;0;0;0;0;0;0;0;0;5;0;0;0;2;56;16,5;264;5,625;14,25;15,3125;1777;5,1875;3;24,1875;0;0;-45,4375;902,8125;-1317,25;449;1;1;0;0;0;0;4;1228;1241;1262;1259;323;356;406;441;524;473;5;249;222;8,25;4,5;0;0;0;6;4,875;24;44,125;6;97,25;1182;-857;1,3125;100;-45;7
1768;0;0;0;0;14;58;21;0;0;0;0;0;0;0;0;0;0;0;5;0;0;0;2;55;17,0625;264;5,625;14,25;15,3125;1750;5,0625;3;24,1875;0;0;-45,5;902,625;-1334,4375;448;1;1;0;0;0;0;4;1228;1239;1257;1258;322;355;404;438;521;471;5;248;219;8,25;4,5;0;0;0;6;5,5;13,125;44,125;2,75;100,25;1189;217;1,0625;100;-46;7
1774;0;0;0;0;14;58;26;0;0;0;0;0;0;0;0;0;0;0;5;0;0;0;2;55;16,625;270;5,625;14,25;14,4375;1747;5,0625;3;24,1875;0;0;-45,625;903,25;-1321,875;448;1;1;0;0;0;0;4;1225;1239;1253;1256;322;354;401;436;519;469;5;247;217;8,25;4,5;0;0;0;6;1,25;19,375;44,125;3,125;98;1196;-61;0,9375;100;-46;7
1780;0;0;0;0;14;58;31;0;0;0;0;0;0;0;0;0;0;0;5;0;0;0;2;55;17,25;275;5,625;14,25;14,8125;1732;5,125;3;24,125;0;0;-45,4375;902,9375;-1325,6875;447;1;1;0;0;0;0;4;1224;1239;1252;1255;321;353;399;433;517;468;5;247;215;8,25;4,5;0;0;0;6;4,375;15,125;44,125;1,875;95,75;1161;-172;1;100;-45;7
1786;0;0;0;0;14;58;36;0;0;0;0;0;0;0;0;0;0;0;5;0;0;0;2;55;16,0625;278;5,625;14,25;13,25;1718;5,1875;3;24,125;0;0;-45,625;903,25;-1309,625;446;1;1;0;0;0;0;4;1215;1233;1251;1251;321;352;397;431;515;466;5;246;213;8,25;4,5;0;0;0;6;3,125;16,375;44,125;4,375;96;1174;-33;1;100;-46;7
1792;0;0;0;0;14;58;41;0;0;0;0;0;0;0;0;0;0;0;5;0;0;0;2;51;7,625;277;5,625;14,25;11,75;1289;4,375;3;24,125;0;0;-45,5625;902,875;-1325,75;446;1;1;0;0;0;0;4;1175;1203;1223;1227;320;350;394;428;511;464;5;245;210;8,25;4,5;0;0;0;6;0,5;6,25;44,125;0,5;92,25;1119;-896;1,25;100;-46;7
1799;0;0;0;0;14;58;46;0;0;0;0;0;0;0;0;0;0;0;5;0;0;0;2;48;7,375;274;5,625;14,1875;10,9375;1324;2,3125;3;24,125;0;0;-45,625;903,375;-1366,9375;445;1;1;0;0;0;0;4;1015;1049;1065;1094;319;349;389;420;503;459;5;244;208;8,25;4,5;0;0;0;6;-0,5;3,75;44,125;1,375;92,25;1072;-893;1;100;-46;7
1805;0;0;0;0;14;58;51;0;0;0;0;0;0;0;0;0;0;0;5;0;0;0;2;47;7,0625;260;5,625;14,1875;11,25;1302;1,8125;3;24,125;0;0;-45,5625;902,875;-1389,25;444;1;1;0;0;0;0;4;915;951;959;1002;319;348;382;410;494;451;5;244;206;8,25;4,5;0;0;0;6;-0,5;3;44,125;0,25;90;985;-982;1,0625;100;-46;7
1811;0;0;0;0;14;58;56;0;0;0;0;0;0;0;0;0;0;0;5;0;0;0;2;48;6,9375;260;5,625;14,25;10,6875;1273;1,625;3;24,125;0;0;-45,5625;904,0625;-1424,625;444;1;1;0;0;0;0;4;856;894;895;942;317;347;374;401;485;443;5;244;204;8,25;4,5;0;0;0;6;-0,5;4,125;44,125;0,25;88,25;913;-872;0,9375;100;-46;7
1818;0;0;0;0;14;58;58;0;0;0;0;0;0;0;0;0;0;0;5;0;0;0;2;47;6,75;260;5,625;14,5625;28,125;1264;1,625;3;24,125;0;0;-45,4375;904,0625;-1433,1875;444;1;1;0;0;0;0;4;838;876;827;923;316;347;372;398;481;441;5;244;204;8,25;4,5;0;0;0;6;0;-0,5;44,125;-2,25;87,75;880;-839;0,8125;100;-45;7
1825;0;0;0;0;14;59;3;0;0;0;0;0;0;0;0;0;0;0;5;0;0;0;2;49;10,8125;252;5,625;14,25;8,875;1446;2,5;3;24,125;0;0;-45,5625;903;-1380,625;443;1;1;0;0;0;0;4;832;871;873;915;316;346;365;389;472;433;5;244;202;8,25;4,5;0;0;0;6;3,375;-1,375;44,125;0,125;84,25;799;-877;1,125;100;-46;7
1831;0;0;0;0;14;59;8;0;0;0;0;0;0;0;0;0;0;0;5;0;0;0;2;50;12,0625;264;5,625;14,25;10,1875;1446;3,625;3;24,125;0;0;-45,5;902,25;-1371,25;442;1;1;0;0;0;0;4;902;933;947;970;315;345;359;383;465;427;5;243;199;8,25;4,5;0;0;0;6;-1,25;0;44,125;0;87,75;789;3;0,9375;100;-45;7
1837;0;0;0;0;14;59;13;0;0;0;0;0;0;0;0;0;0;0;5;0;0;0;2;50;10,8125;258;5,625;14,25;10,1875;1429;3,9375;3;24,125;0;0;-45,5625;902,9375;-1367,1875;442;1;1;0;0;0;0;4;942;965;987;1002;315;344;354;378;459;423;5;243;198;8,25;4,5;0;0;0;6;0,625;0,625;44,125;-0,625;84,75;750;-661;1,1875;100;-46;7
1843;0;0;0;0;14;59;18;0;0;0;0;0;0;0;0;0;0;0;5;0;0;0;2;50;12,5625;274;5,625;14,25;9,3125;1414;4,0625;3;24,125;0;0;-45,625;903,1875;-1354,875;441;1;1;0;0;0;0;4;960;980;1008;1017;314;343;350;372;453;418;5;242;196;8,25;4,5;0;0;0;6;1,625;-4,25;44,125;0,875;81,75;690;-716;1,1875;100;-46;7
1849;0;0;0;0;14;59;23;0;0;0;0;0;0;0;0;0;0;0;5;0;0;0;2;50;12,375;272;5,625;14,25;10,625;1439;4,0625;3;24,125;0;0;-45,5625;904;-1356,3125;441;1;1;0;0;0;0;4;972;989;1023;1027;314;342;346;367;447;413;5;242;194;8,25;4,5;0;0;0;6;2,25;-0,625;44,125;0,5;82,5;662;-444;1,1875;100;-46;7
1855;0;0;0;0;14;59;28;0;0;0;0;0;0;0;0;0;0;0;5;0;0;0;2;50;12,125;259;5,625;14,25;9,125;1407;4,0625;3;24,125;0;0;-45,625;903,1875;-1350;440;1;1;0;0;0;0;4;981;998;1031;1035;313;341;342;363;442;409;5;241;192;8,25;4,5;0;0;0;6;-0,625;1,75;44,125;-0,5;84,5;645;-142;0,875;100;-46;7
1861;0;0;0;0;14;59;33;0;0;0;0;0;0;0;0;0;0;0;5;0;0;0;2;50;12,1875;266;5,625;14,25;9,3125;1382;4;3;24,0625;0;0;-45,5;902,5;-1341,8125;440;1;1;0;0;0;0;4;985;1001;1037;1040;313;340;339;359;437;405;5;240;190;8,25;4,5;0;0;0;6;-1,625;6,25;44,125;-0,75;80,75;612;-777;1;100;-46;7
1867;0;0;0;0;14;59;38;0;0;0;0;0;0;0;0;0;0;0;5;0;0;0;2;48;10;269;5,625;14,25;8,75;1300;3,375;3;24,0625;0;0;-45,8125;905,6875;-1376,25;439;1;1;0;0;0;0;4;973;992;1039;1030;312;339;336;354;432;401;5;240;189;8,25;4,5;0;0;0;6;-2,125;-4,5;44,125;0,375;78,5;541;-429;0,75;100;-46;7
1873;0;0;0;0;14;59;43;0;0;0;0;0;0;0;0;0;0;0;5;0;0;0;2;47;7;263;5,625;14,25;7,1875;1167;2,25;3;24,0625;0;0;-45,5625;904,0625;-1442,9375;439;1;1;0;0;0;0;4;915;938;974;984;312;338;332;349;426;397;5;239;187;8,25;4,5;0;0;0;6;-0,75;-0,375;44,125;0;75,25;482;-791;0,9375;100;-46;7
1879;0;0;0;0;14;59;48;0;0;0;0;0;0;0;0;0;0;0;5;0;0;0;2;47;7,125;266;5,625;14,25;8,9375;1139;1,6875;3;24,0625;0;0;-45,5625;904,375;-1467,25;439;1;1;0;0;0;0;4;843;872;904;926;311;337;327;343;420;391;5;238;185;8,25;4,5;0;0;0;6;0,25;-2,5;44,125;-1,375;73,5;412;-747;1;100;-46;7
1885;0;0;0;0;14;59;53;0;0;0;0;0;0;0;0;0;0;0;5;0;0;0;2;46;7,3125;245;5,625;14,25;7,3125;1080;1,5;3;24,0625;0;0;-45,5;903,25;-1506,25;438;1;1;0;0;0;0;4;811;852;866;893;311;336;322;337;414;386;5;238;184;8,25;4,5;0;0;0;6;2,625;1,125;44,125;0,5;73;365;-439;1;100;-45;7
1891;0;0;0;0;14;59;58;0;0;0;0;0;0;0;0;0;0;0;5;0;0;0;2;45;8,5625;262;5,625;14,1875;6,8125;1006;1,3125;3;24,0625;0;0;-45,5;903,625;-1564,125;438;1;1;0;0;0;0;4;809;857;851;883;310;336;317;332;408;381;5;237;182;8,25;4,5;0;0;0;6;5,625;-1,25;44,125;-0,375;72,75;348;-252;1,0625;100;-45;7
1897;0;0;0;0;15;0;3;0;0;0;0;0;0;0;0;0;0;0;5;0;0;0;2;44;8,125;254;5,625;14,25;7,25;995;1,125;3;24,0625;0;0;-45,4375;902,6875;-1594,4375;437;1;1;0;0;0;0;4;806;861;835;875;310;335;314;327;402;377;5;237;181;8,25;4,5;0;0;0;6;-3;2,625;44,125;-0,75;76,25;369;546;0,875;100;-45;7
1903;0;0;0;0;15;0;8;0;0;0;0;0;0;0;0;0;0;0;5;0;0;0;2;44;9;253;5,625;14,1875;5,5;899;1,0625;3;24,0625;0;0;-45,625;903,3125;-1625,9375;437;1;1;0;0;0;0;4;805;848;824;865;309;334;310;323;397;372;5;236;179;8,25;4,5;0;0;0;6;-6,75;3,25;44,125;0;75,25;386;55;1,0625;100;-46;7
1909;0;0;0;0;15;0;13;0;0;0;0;0;0;0;0;0;0;0;5;0;0;0;2;43;9,625;245;5,625;14,125;5,875;818;0,9375;3;24,0625;0;0;-45,3125;900,875;-1656,3125;436;1;1;0;0;0;0;4;804;847;819;858;309;333;307;318;393;369;5;236;178;8,25;4,5;0;0;0;6;-9,375;4,125;44,125;-1,625;70,25;387;-13;1,0625;100;-45;7
1915;0;0;0;0;15;0;18;0;0;0;0;0;0;0;0;0;0;0;5;0;0;0;2;42;9,875;260;5,625;14,125;6,625;807;1,0625;3;24,0625;0;0;-45,5625;904,0625;-1700,625;436;1;1;0;0;0;0;4;799;839;813;850;309;332;305;315;389;366;5;235;176;8,25;4,5;0;0;0;6;-9;-0,25;44,125;1,125;64,5;386;-54;1;100;-46;7
1921;0;0;0;0;15;0;23;0;0;0;0;0;0;0;0;0;0;0;5;0;0;0;2;42;9,6875;244;5,625;14,125;5,75;815;0;3;24,0625;0;0;-45,5625;902,875;-1700,625;435;1;1;0;0;0;0;4;798;838;812;849;308;331;303;313;386;364;5;235;175;8,25;4,5;0;0;0;6;-8,625;0,625;44,125;1,25;58,75;386;-43;1;100;-46;7
1927;0;0;0;0;15;0;28;0;0;0;0;0;0;0;0;0;0;0;5;0;0;0;2;42;10,125;247;5,625;14,125;5,9375;774;0;3;24,0625;0;0;-45,25;902;-1722,25;435;1;1;0;0;0;0;4;798;835;812;848;308;331;302;312;384;362;5;234;174;8,25;4,5;0;0;0;6;-6,875;-0,25;44,125;10,125;53,25;386;-8;1;100;-45;7
1933;0;0;0;0;15;0;33;0;0;0;0;0;0;0;0;0;0;0;5;0;0;0;2;42;13,6875;250;5,625;14,1875;6,4375;1029;0,5;3;24,0625;0;0;-45,625;904,375;-1713,9375;435;1;1;0;0;0;0;4;801;827;812;847;307;330;302;311;383;361;5;234;172;8,25;4,5;0;0;0;6;-11;3,875;44,125;20,375;49;387;-13;1;100;-46;7
1939;0;0;0;0;15;0;38;0;0;0;0;0;0;0;0;0;0;0;5;0;0;0;2;54;23,5;269;5,625;14,3125;8,9375;1968;3,8125;3;24,0625;0;0;-45,5625;902,6875;-1614;435;1;1;0;0;0;0;4;884;906;894;907;307;329;302;311;383;361;5;233;171;8,25;4,5;0;0;0;6;-11,75;2;44,125;11,375;46,5;386;-33;1;100;-46;7
1945;0;0;0;0;15;0;43;0;0;0;0;0;0;0;0;0;0;0;5;0;0;0;2;48;10,5;259;5,625;14,1875;4,75;945;4,5625;3;24,0625;0;0;-45,625;903,0625;-1551,5625;434;1;1;0;0;0;0;4;974;1003;1007;996;307;329;307;317;386;365;5;233;170;8,25;4,5;0;0;0;6;-7,125;3,375;44,125;-0,625;43,5;386;9;1,0625;100;-46;7
1951;0;0;0;0;15;0;48;0;0;0;0;0;0;0;0;0;0;0;5;0;0;0;2;44;11,3125;254;5,625;14,1875;6,125;941;3;3;24,0625;0;0;-45,3125;901,1875;-1569,5;434;1;1;0;0;0;0;4;933;962;972;968;306;328;309;319;387;367;5;232;168;8,25;4,5;0;0;0;6;-5;3,375;44,125;5,75;41,25;386;10;1;100;-45;7
1957;0;0;0;0;15;0;53;0;0;0;0;0;0;0;0;0;0;0;5;0;0;0;2;44;11,1875;254;5,625;14,1875;4,5;929;2,375;3;24,0625;0;0;-45,5;903,25;-1575,875;434;1;1;0;0;0;0;4;901;930;942;943;306;327;311;320;388;368;5;232;168;8,25;4,5;0;0;0;6;-4,25;4,125;44,125;6,375;37,5;386;-13;1,0625;100;-45;7
1963;0;0;0;0;15;0;58;0;0;0;0;0;0;0;0;0;0;0;5;0;0;0;2;44;10,625;272;5,625;14,1875;5,6875;932;2;3;24,0625;0;0;-45,3125;901,3125;-1557,1875;433;1;1;0;0;0;0;4;883;911;924;928;305;327;313;322;388;369;5;232;166;8,25;4,5;0;0;0;6;-3,125;4,375;44,125;0;35;387;12;1;100;-45;7
1969;0;0;0;0;15;1;3;0;0;0;0;0;0;0;0;0;0;0;5;0;0;0;2;44;10,4375;254;5,625;14,1875;5,0625;943;1,9375;3;24,0625;0;0;-45,25;901,9375;-1566,0625;433;1;1;0;0;0;0;4;873;902;915;919;305;326;315;323;389;371;5;231;165;8,25;4,5;0;0;0;6;-0,5;2,75;44,125;-1,125;33,25;386;7;1;100;-45;7
1975;0;0;0;0;15;1;8;0;0;0;0;0;0;0;0;0;0;0;5;0;0;0;2;42;10,1875;256;5,625;14,125;3,4375;797;0;3;24,0625;0;0;-45,5625;904,1875;-1533,3125;433;1;1;0;0;0;0;4;859;883;898;902;305;325;316;325;389;372;5;231;164;8,25;4,5;0;0;0;6;0;1,125;44,125;1,125;31,75;387;-7;1;100;-46;7
1981;0;0;0;0;15;1;13;0;0;0;0;0;0;0;0;0;0;0;5;0;0;0;2;42;9,75;259;5,625;14,125;4,4375;804;0;3;24,0625;0;0;-45,4375;902,875;-1572,4375;433;1;1;0;0;0;0;4;850;870;887;888;304;325;318;325;389;372;5;231;163;8,25;4,5;0;0;0;6;-0,75;2,375;44,125;0,375;31,25;386;14;1;100;-45;7
1987;0;0;0;0;15;1;18;0;0;0;0;0;0;0;0;0;0;0;5;0;0;0;2;42;10,1875;275;5,625;14,125;3,75;784;0;3;24,0625;0;0;-45,4375;902,5625;-1566,4375;433;1;1;0;0;0;0;4;844;862;880;879;304;324;320;326;390;373;5;230;163;8,25;4,5;0;0;0;6;-1,75;0,375;44,125;1,25;30,25;386;-9;1;100;-45;7
1993;0;0;0;0;15;1;23;0;0;0;0;0;0;0;0;0;0;0;5;0;0;0;2;41;10,4375;260;5,625;14,125;3,8125;781;0;3;24,0625;0;0;-45,25;900,5;-1604;433;1;1;0;0;0;0;4;841;857;876;874;304;323;323;327;390;374;5;230;162;8,25;4,5;0;0;0;6;-2,25;2,75;44,125;9,5;28,75;386;18;1;100;-45;7
1999;0;0;0;0;15;1;28;0;0;0;0;0;0;0;0;0;0;0;5;0;0;0;2;40;10,1875;258;5,625;14,1875;4,625;771;0;3;24,0625;0;0;-45,625;903,0625;-1696,875;433;1;1;0;0;0;0;4;840;855;874;872;304;323;325;329;390;375;5;229;161;8,25;4,5;0;0;0;6;-3,625;3;44,125;7,5;28,5;386;-9;1;100;-46;7
2005;0;0;0;0;15;1;33;0;0;0;0;0;0;0;0;0;0;0;5;0;0;0;2;40;10,4375;258;5,625;14,125;4,75;774;0;3;24,0625;0;0;-45,5625;902,875;-1729,9375;433;1;1;0;0;0;0;4;840;850;874;870;303;322;327;330;391;376;5;229;160;8,25;4,5;0;0;0;6;-3,25;2,875;44,125;-3;27,5;387;0;1;100;-46;7
2011;0;0;0;0;15;1;38;0;0;0;0;0;0;0;0;0;0;0;5;0;0;0;2;43;10,1875;266;5,625;14,1875;4,1875;783;1,9375;3;24,0625;0;0;-45,5625;903,6875;-1697,8125;433;1;1;0;0;0;0;4;848;862;882;878;303;322;330;331;392;377;5;229;160;8,25;4,5;0;0;0;6;-4,875;3,5;44,125;12,5;27;387;19;1;100;-46;7
2017;0;0;0;0;15;1;43;0;0;0;0;0;0;0;0;0;0;0;5;0;0;0;2;41;10,6875;255;5,625;14,125;3,25;779;1,9375;3;24,0625;0;0;-45,4375;902,875;-1655,4375;433;1;1;0;0;0;0;4;855;870;893;885;303;321;333;333;393;378;5;229;159;8,25;4,5;0;0;0;6;-6,5;3;44,125;5,25;27;387;8;1;100;-45;7
2023;0;0;0;0;15;1;48;0;0;0;0;0;0;0;0;0;0;0;5;0;0;0;2;41;10,4375;257;5,625;14,125;2,875;770;1,25;3;24,0625;0;0;-45,5625;903,9375;-1753,1875;432;1;1;0;0;0;0;4;844;857;881;875;303;321;335;334;394;378;5;228;159;8,3125;4,5;0;0;0;6;-3,375;2,25;44,125;0;26,5;386;-6;1;100;-46;7
2030;0;0;0;0;15;1;53;0;0;0;0;0;0;0;0;0;0;0;5;0;0;0;2;40;11,375;269;5,625;14,5;17,625;730;0,9375;3;24,0625;0;0;-45,625;903,0625;-1788,4375;432;1;1;0;0;0;0;4;838;847;854;868;303;320;337;336;394;379;5;228;159;8,3125;4,5;0;0;0;6;-1;1,25;44,125;0;26,25;386;16;1;100;-46;7
2037;0;0;0;0;15;1;58;0;0;0;0;0;0;0;0;0;0;0;5;0;0;0;2;40;10,8125;255;5,625;14,1875;1,75;759;0;3;24,0625;0;0;-45,625;903,3125;-1799,3125;432;1;1;0;0;0;0;4;834;841;865;865;302;320;339;337;395;381;5;228;158;8,3125;4,5;0;0;0;6;0,125;0,625;44,125;-0,125;26;387;-8;1;100;-46;7
2043;0;0;0;0;15;2;3;0;0;0;0;0;0;0;0;0;0;0;5;0;0;0;2;40;10,8125;278;5,625;14,125;3,125;749;0;3;24,0625;0;0;-45,4375;904,3125;-1826,3125;432;1;1;0;0;0;0;4;833;839;863;863;302;319;341;339;396;382;5;228;158;8,3125;4,5;0;0;0;6;-0,125;0,5;44,125;0;26,25;387;25;1;100;-45;7
2049;0;0;0;0;15;2;8;0;0;0;0;0;0;0;0;0;0;0;5;0;0;0;2;41;10,75;260;5,625;14,1875;4,4375;768;0;3;24,0625;0;0;-45,5625;902,875;-1836,1875;432;1;1;0;0;0;0;4;831;838;861;860;302;319;343;340;396;383;5;228;157;8,3125;4,5;0;0;0;6;-0,125;0,5;44,125;-0,125;26,75;386;-19;1;100;-46;7
2056;0;0;0;0;15;2;13;0;0;0;0;0;0;0;0;0;0;0;5;0;0;0;2;40;10,5;259;5,625;14,125;3,75;764;0;3;24,0625;0;0;-45,5625;904,25;-1858,0625;432;1;1;0;0;0;0;4;831;838;858;859;302;319;345;341;397;384;5;228;157;8,3125;4,5;0;0;0;6;0,5;0,5;44,125;0;26;387;-16;1;100;-46;7
2062;0;0;0;0;15;2;18;0;0;0;0;0;0;0;0;0;0;0;5;0;0;0;2;40;10,5;260;5,625;14,125;4;756;0;3;24,0625;0;0;-45,625;903,3125;-1875,0625;432;1;1;0;0;0;0;4;831;837;857;858;302;318;347;343;398;386;5;227;157;8,3125;4,5;0;0;0;6;0,5;0,625;44,125;0;25,75;387;-38;1;100;-46;7
2068;0;0;0;0;15;2;23;0;0;0;0;0;0;0;0;0;0;0;5;0;0;0;2;40;11;260;5,625;14,125;4,1875;754;0;3;24,0625;0;0;-45,25;900,875;-1890,6875;432;1;1;0;0;0;0;4;831;837;856;856;302;318;349;344;399;387;5;227;157;8,3125;4,5;0;0;0;6;0,125;0,5;44,125;0;25,75;386;12;1;100;-45;7
2074;0;0;0;0;15;2;28;0;0;0;0;0;0;0;0;0;0;0;5;0;0;0;2;40;10,75;262;5,625;14,125;4,5625;765;0;3;24,0625;0;0;-45,5625;903,9375;-1900,9375;432;1;1;0;0;0;0;4;831;837;856;854;301;317;350;345;399;388;5;227;156;8,3125;4,5;0;0;0;6;0,125;0,375;44,125;0;25,75;387;-16;1;100;-46;7
2080;0;0;0;0;15;2;33;0;0;0;0;0;0;0;0;0;0;0;5;0;0;0;2;45;12,9375;283;5,625;14,25;6,125;1082;1,9375;3;24,0625;0;0;-45,375;903,6875;-1775,3125;432;1;1;0;0;0;0;4;873;884;904;884;301;317;353;348;401;390;5;227;156;8,3125;4,5;0;0;0;6;-0,25;0,25;44,125;-0,125;26;387;9;1;100;-45;7
2087;0;0;0;0;15;2;35;0;0;0;0;0;0;0;0;0;0;0;5;0;0;0;2;29;28,6875;261;5,625;13,875;-6,1875;209;1,5;3;24,0625;0;0;-45,4375;900,9375;-1884,5;432;1;1;0;0;0;0;4;880;895;910;889;301;317;354;349;402;391;5;227;156;8,3125;4,5;0;0;0;6;0,25;0,25;44,125;0,125;26;387;6;1;100;-45;7
2094;0;0;0;0;15;2;39;0;0;0;0;0;0;0;0;0;0;0;5;0;0;0;2;3;30,25;233;5,625;6,0625;-87,3125;0;0;3;24,0625;0;0;-45,25;901,5625;-1896,4375;432;1;1;0;0;0;0;4;838;851;857;852;301;316;354;349;402;391;5;227;156;8,3125;4,5;0;0;0;6;-0,125;0,5;44,125;0;26,5;386;-16;1;100;-45;7
2100;0;0;0;0;15;2;44;0;0;0;0;0;0;0;0;0;0;0;5;0;0;0;2;0;30,375;231;5,625;0;-333,5625;0;0;3;24,0625;0;0;-45,5625;902,8125;-1909,375;432;1;1;0;0;0;0;4;794;808;813;813;301;316;354;349;402;391;5;227;156;8,3125;4,5;0;0;0;6;0,125;0,5;44,125;0,125;26;387;15;1;100;-46;7
2106;0;0;0;0;15;2;49;0;0;0;0;0;0;0;0;0;0;0;5;0;0;0;2;0;30,375;230;5,625;0;-5;0;0;3;24,0625;0;0;-45,4375;902,8125;-1930,125;432;1;1;0;0;0;0;4;756;769;774;779;300;316;354;348;401;391;5;227;156;8,3125;4,5;0;0;0;6;-0,125;0,375;44,125;-0,125;26,5;386;11;1;100;-45;7
2113;0;0;0;0;15;2;50;0;0;0;0;0;0;0;0;0;0;0;5;0;0;0;2;0;30,375;230;5,625;0;-1,4375;0;0;3;24,0625;0;0;-45,5625;902,8125;-1935;432;1;1;0;0;0;0;4;749;762;767;772;300;315;354;348;401;391;5;227;156;8,3125;4,5;0;0;0;6;0,25;0,375;44,125;0;26;386;7;1;100;-46;7
2120;0;0;0;0;15;2;52;0;0;0;0;0;0;0;0;0;0;0;5;0;0;0;2;0;30,375;230;5,625;0;-3,375;0;0;3;24,0625;0;0;-45,4375;902,8125;-1943,5625;432;1;1;0;0;0;0;4;735;749;754;760;300;315;354;348;401;391;5;227;156;8,3125;4,5;0;0;0;6;0,375;0,5;44,125;0;25,75;387;4;1;100;-45;7
2127;0;0;0;0;15;2;57;0;0;0;0;0;0;0;0;0;0;0;5;0;0;0;2;0;30,375;230;5,625;0;-0,5625;0;0;3;24,0625;0;0;-45,5625;902,8125;-1966,75;432;1;1;0;0;0;0;4;706;720;724;733;300;315;354;348;400;391;5;227;156;8,3125;4,5;0;0;0;6;0,25;0,375;44,125;-0,125;26;386;16;1;100;-46;7
